district,hour,actives,etudiantes,sansemploi,retraitee,inactives
1,4am,56.8361,8.702,3.7367,26.1451,4.58
1,5am,56.6991,8.7297,3.7486,26.2281,4.5946
1,6am,56.5234,8.7651,3.7638,26.3345,4.6132
1,7am,55.5086,7.5536,4.0052,28.0236,4.9091
1,8am,52.4606,8.3322,4.1686,29.9369,5.1017
1,9am,52.1807,8.0849,4.1722,30.2752,5.287
1,10am,50.5238,8.4551,4.274,31.3311,5.416
1,11am,50.5082,7.2305,4.3698,31.5746,6.3168
1,12am,52.1776,6.6197,4.3778,31.1271,5.6979
1,1pm,54.8185,5.6215,4.2925,29.98,5.2874
1,2pm,53.5283,7.4585,3.6372,30.0726,5.3035
1,3pm,53.55,8.0399,4.0543,28.6348,5.721
1,4pm,52.82,8.3562,4.6451,28.7694,5.4093
1,5pm,51.8647,7.8623,4.92,29.4867,5.8664
1,6pm,52.6178,10.3272,4.5085,27.0206,5.5259
1,7pm,54.7088,9.125,4.5011,26.8433,4.8219
1,8pm,57.1836,8.7286,4.2544,25.3723,4.461
1,9pm,57.1031,8.5572,4.2859,25.5599,4.494
1,10pm,56.5789,8.1181,4.394,26.3015,4.6074
1,11pm,56.2533,8.179,4.4269,26.4988,4.642
1,12pm,57.7066,7.3962,4.3435,25.9993,4.5545
1,1am,57.7066,7.3962,4.3435,25.9993,4.5545
1,2am,57.3461,7.9747,4.3164,25.8368,4.526
1,3am,57.6109,7.9252,4.2896,25.6764,4.4979
2,4am,56.0454,10.7764,0.7775,29.3351,3.0656
2,5am,56.0454,10.7764,0.7775,29.3351,3.0656
2,6am,56.876,10.5728,0.7628,28.7807,3.0077
2,7am,58.1661,9.8692,0.7669,28.1742,3.0237
2,8am,59.6364,3.625,0.8865,33.1513,2.7009
2,9am,57.258,3.1117,1.0044,35.5659,3.0601
2,10am,60.6863,2.1982,0.9837,33.1347,2.9971
2,11am,60.1935,2.0502,0.9175,34.8659,1.9728
2,12am,57.8004,3.4095,0.9582,34.9126,2.9193
2,1pm,59.0019,4.0493,0.7907,32.5471,3.611
2,2pm,56.4409,4.6458,0.8354,35.2217,2.8562
2,3pm,62.7307,2.3408,0.9045,31.8706,2.1534
2,4pm,59.4916,2.5589,0.9888,35.6332,1.3274
2,5pm,56.2352,5.2779,0.8895,33.1866,4.4106
2,6pm,50.3926,10.3392,0.8315,34.6398,3.797
2,7pm,56.7486,8.9359,0.8207,30.2585,3.2362
2,8pm,59.6182,7.7524,0.7969,28.6904,3.1421
2,9pm,58.5843,7.0991,0.8038,30.3435,3.1693
2,10pm,56.2953,10.4242,0.7795,29.4273,3.0737
2,11pm,56.9266,9.434,0.7879,29.7447,3.1068
2,12pm,58.0267,9.7219,0.7554,28.5174,2.9786
2,1am,58.0354,9.7234,0.7555,28.5067,2.9791
2,2am,56.9642,10.5511,0.7612,28.7219,3.0015
2,3am,56.9642,10.5511,0.7612,28.7219,3.0015
3,4am,62.5988,10.4239,2.4862,23.158,1.3332
3,5am,62.5988,10.4239,2.4862,23.158,1.3332
3,6am,62.2878,10.5106,2.5069,23.3505,1.3442
3,7am,62.203,9.9261,2.0233,24.392,1.4557
3,8am,58.5866,5.9923,2.6439,30.875,1.9022
3,9am,51.166,4.7302,3.7979,38.0537,2.2523
3,10am,49.8058,3.6842,5.055,39.116,2.339
3,11am,49.3032,3.788,5.1975,39.3064,2.4049
3,12am,47.8524,3.9947,4.7295,40.8873,2.5361
3,1pm,50.6382,4.7237,4.1945,40.4436,0
3,2pm,52.6092,4.8839,4.1518,38.3551,0
3,3pm,53.8097,4.5175,4.2872,37.3855,0
3,4pm,51.3807,4.686,4.4471,37.0376,2.4485
3,5pm,49.3209,5.6624,3.884,38.9941,2.1385
3,6pm,58.4791,7.4797,2.4498,31.5913,0
3,7pm,61.9108,10.1245,1.3585,25.1215,1.4848
3,8pm,60.4973,11.4896,1.78,25.5351,0.6979
3,9pm,63.484,10.4366,1.6169,23.8286,0.634
3,10pm,64.262,10.6972,1.2518,23.1393,0.6498
3,11pm,63.5795,10.4995,1.8664,22.7117,1.3428
3,12pm,63.5758,10.3199,2.4614,22.3231,1.3199
3,1am,63.9163,10.0567,2.3986,22.3422,1.2862
3,2am,63.9163,10.0567,2.3986,22.3422,1.2862
3,3am,63.9163,10.0567,2.3986,22.3422,1.2862
4,4am,57.2852,9.6217,4.0832,26.8137,2.1963
4,5am,57.3964,9.0626,4.1384,27.1766,2.226
4,6am,56.1721,9.323,4.2574,27.9575,2.29
4,7am,56.3914,8.6286,4.316,28.3425,2.3215
4,8am,52.9986,6.6009,4.6445,33.1856,2.5704
4,9am,53.0263,6.0049,3.9811,34.3288,2.6589
4,10am,53.0062,5.318,4.2284,34.7185,2.729
4,11am,51.157,5.4335,6.1247,34.4964,2.7883
4,12am,53.7982,5.6759,6.3979,32.0843,2.0438
4,1pm,54.2696,7.0711,4.3803,32.2262,2.0528
4,2pm,56.6867,7.4099,4.162,29.7908,1.9505
4,3pm,57.449,5.9127,3.2446,31.3455,2.0481
4,4pm,56.4143,7.9973,3.3983,29.0956,3.0945
4,5pm,55.2387,7.9027,3.3581,30.0188,3.4817
4,6pm,54.6201,7.9337,2.9693,31.5507,2.9262
4,7pm,55.1123,9.1061,3.697,29.6868,2.3978
4,8pm,58.4595,8.5737,3.3874,28.0675,1.5119
4,9pm,59.2803,8.9837,3.251,26.2786,2.2064
4,10pm,59.0599,9.0324,3.2686,26.4209,2.2183
4,11pm,58.628,8.9824,3.2505,26.9329,2.2061
4,12pm,57.9174,9.1367,3.3063,27.3956,2.244
4,1am,57.9174,9.1367,3.3063,27.3956,2.244
4,2am,57.9174,9.1367,3.3063,27.3956,2.244
4,3am,58.1904,9.0775,3.2849,27.2179,2.2294
5,4am,59.2665,4.1387,1.5206,31.8057,3.2686
5,5am,59.9383,4.0704,1.4955,31.281,3.2147
5,6am,58.4277,4.2239,1.5519,32.4606,3.3359
5,7am,57.785,4.2892,1.5759,32.9625,3.3875
5,8am,53.9474,3.7671,2.0566,36.3359,3.893
5,9am,53.494,3.939,2.1505,36.3459,4.0707
5,10am,54.262,3.8846,1.9949,35.8441,4.0144
5,11am,51.2428,5.3451,3.0474,36.5663,3.7985
5,12am,50.3055,3.9047,2.9827,38.7718,4.0352
5,1pm,52.2804,4.0196,2.6988,37.4095,3.5918
5,2pm,47.0995,5.456,2.632,40.806,4.0064
5,3pm,45.7425,4.1197,3.1989,42.6815,4.2574
5,4pm,49.0035,3.0934,3.1416,41.4103,3.3512
5,5pm,50.6582,4.1226,3.2012,38.6033,3.4148
5,6pm,56.9399,3.613,1.8737,33.688,3.8855
5,7pm,55.5128,5.0622,2.9379,32.9328,3.5543
5,8pm,58.6566,4.6153,1.9556,31.532,3.2405
5,9pm,59.5495,3.8097,1.9216,31.5351,3.1841
5,10pm,59.8731,2.9115,1.5228,32.4192,3.2734
5,11pm,60.3014,2.9217,1.5281,31.9639,3.2849
5,12pm,60.3571,2.9176,1.526,31.9191,3.2803
5,1am,60.4025,2.9142,1.5242,31.8825,3.2765
5,2am,60.5449,2.9038,1.5187,31.7679,3.2647
5,3am,60.5449,2.9038,1.5187,31.7679,3.2647
6,4am,50.7878,9.0722,2.8448,34.5915,2.7037
6,5am,51.0347,9.0267,2.8305,34.4179,2.6902
6,6am,48.2869,9.7783,3.8333,35.3393,2.7622
6,7am,48.6722,8.6732,3.023,36.7585,2.8731
6,8am,48.4852,6.5466,3.187,38.7523,3.0289
6,9am,49.2304,6.646,3.5376,37.2239,3.3622
6,10am,47.8215,6.462,4.0491,38.3984,3.2691
6,11am,48.4386,7.8026,3.4594,36.812,3.4874
6,12am,49.4645,7.4924,2.6976,36.9967,3.3488
6,1pm,52.4419,6.7561,2.4325,35.3499,3.0196
6,2pm,51.6236,6.4213,2.6169,36.8892,2.4491
6,3pm,53.0943,5.9413,0.8451,37.5323,2.5871
6,4pm,50.9319,5.8029,1.0493,38.8618,3.3541
6,5pm,45.9027,7.7973,2.3341,40.6656,3.3003
6,6pm,47.9611,7.9461,2.5377,38.4051,3.1502
6,7pm,48.6045,8.3374,3.0072,36.9832,3.0677
6,8pm,49.6211,8.1769,3.5045,35.8411,2.8563
6,9pm,48.0506,8.926,3.4486,35.9617,3.6131
6,10pm,47.3736,10.4051,2.285,36.2902,3.6461
6,11pm,48.8442,10.1144,2.2211,35.2761,3.5442
6,12pm,49.219,10.0403,2.2049,35.0177,3.5182
6,1am,49.3378,9.8854,2.8354,34.4774,3.4639
6,2am,49.5843,9.8373,2.8216,34.3097,3.4471
6,3am,49.5843,9.8373,2.8216,34.3097,3.4471
7,4am,47.3274,6.1893,1.8747,39.7751,4.8336
7,5am,48.1003,6.0984,1.8472,39.1915,4.7626
7,6am,48.6364,6.0355,1.8281,38.7866,4.7134
7,7am,47.9089,6.1209,1.854,39.336,4.7802
7,8am,50.1824,2.8563,1.9182,40.0973,4.9458
7,9am,54.3313,3.9372,1.69,35.6843,4.3573
7,10am,54.5349,4.4077,2.1603,33.8813,5.0158
7,11am,53.6132,4.2675,2.5622,34.7929,4.7642
7,12am,55.3522,4.3976,2.0878,34.5799,3.5824
7,1pm,52.8044,5.1419,2.4945,35.2656,4.2937
7,2pm,53.6695,4.7143,3.289,34.1932,4.134
7,3pm,50.1501,5.0335,4.6143,36.8768,3.3253
7,4pm,50.6171,7.0783,1.3184,37.2802,3.7059
7,5pm,47.6549,7.6812,2.0487,37.9758,4.6395
7,6pm,48.667,6.8697,2.478,37.3085,4.6768
7,7pm,46.5452,7.2575,1.9993,40.0113,4.1867
7,8pm,45.6226,7.9896,1.9788,40.2653,4.1438
7,9pm,48.8352,8.0559,1.2523,37.951,3.9056
7,10pm,48.4791,7.0062,1.2931,39.1886,4.033
7,11pm,47.1679,7.0957,1.3286,40.2641,4.1437
7,12pm,45.821,7.059,1.3217,40.8358,4.9625
7,1am,45.8919,7.0498,1.32,40.7823,4.956
7,2am,45.4133,7.1121,1.3317,41.143,4.9998
7,3am,45.4684,7.0268,1.9159,40.6492,4.9398
8,4am,59.232,8.8212,7.4743,19.9637,4.5088
8,5am,58.8745,8.8985,7.5399,20.1388,4.5483
8,6am,58.8745,8.8985,7.5399,20.1388,4.5483
8,7am,57.3445,9.1154,7.7236,21.1574,4.6591
8,8am,59.7669,1.8826,8.8313,24.1918,5.3273
8,9am,56.6981,1.1309,9.726,26.578,5.867
8,10am,58.6517,1.1425,6.8853,28.7696,4.5509
8,11am,63.5457,0,4.9051,27.9047,3.6445
8,12am,62.8343,0,6.7502,26.8369,3.5786
8,1pm,64.1543,1.8253,7.7789,22.2756,3.9658
8,2pm,60.8092,1.0887,9.3626,24.0588,4.6807
8,3pm,54.8962,1.6669,9.8058,27.619,6.012
8,4pm,51.6575,2.5707,10.5766,31.1723,4.0228
8,5pm,54.1769,4.9439,10.9447,25.2481,4.6864
8,6pm,52.1411,7.3499,9.3405,26.489,4.6795
8,7pm,56.6872,8.0442,9.008,21.6996,4.561
8,8pm,61.1962,7.9802,7.3147,20.0346,3.4743
8,9pm,60.4071,9.2009,8.4069,18.4175,3.5676
8,10pm,59.514,9.5348,9.4848,18.0973,3.3691
8,11pm,60.6701,8.8873,8.2191,18.7357,3.4879
8,12pm,59.6338,8.8128,8.1502,19.9446,3.4587
8,1am,59.9237,8.7495,8.0916,19.8014,3.4338
8,2am,59.9237,8.7495,8.0916,19.8014,3.4338
8,3am,59.9237,8.7495,8.0916,19.8014,3.4338
9,4am,55.8728,8.8594,4.0487,29.4707,1.7483
9,5am,57.3255,8.0266,3.9776,28.9527,1.7176
9,6am,57.5541,7.9836,3.9562,28.7976,1.7084
9,7am,57.4965,7.9945,3.9616,28.8367,1.7107
9,8am,55.987,3.2675,4.7706,33.9149,2.0601
9,9am,58.4898,1.4924,4.4525,33.6426,1.9227
9,10am,55.1264,1.5651,4.6691,36.6231,2.0163
9,11am,56.98,1.5405,3.7691,35.7258,1.9846
9,12am,57.9487,1.5517,3.0777,34.509,2.9129
9,1pm,57.777,1.4884,3.3581,34.5825,2.794
9,2pm,56.1866,0.8868,4.2431,35.8315,2.8519
9,3pm,55.7613,2.3542,6.0013,32.4454,3.4378
9,4pm,55.7017,3.6299,2.9777,35.7848,1.9059
9,5pm,54.1497,4.7996,3.0361,34.9641,3.0505
9,6pm,56.2116,4.9537,3.1892,32.9448,2.7007
9,7pm,58.4007,7.2609,3.1937,28.2441,2.9006
9,8pm,55.381,8.2883,3.5135,30.5172,2.3
9,9pm,55.236,8.2562,4.8877,29.3289,2.2911
9,10pm,55.6448,8.5537,2.3278,31.1001,2.3737
9,11pm,56.4783,8.2395,2.8208,30.1749,2.2865
9,12pm,56.9561,8.3984,2.105,30.7566,1.784
9,1am,56.4047,8.2597,3.3321,30.2489,1.7545
9,2am,56.4047,8.2597,3.3321,30.2489,1.7545
9,3am,56.7876,8.3158,3.3547,29.7755,1.7664
10,4am,57.4702,9.7105,3.1833,27.6568,1.9792
10,5am,57.6821,9.6621,3.1674,27.519,1.9693
10,6am,58.576,9.4581,3.1005,26.9377,1.9277
10,7am,57.4884,9.7064,3.1819,27.645,1.9783
10,8am,57.4479,8.1161,3.3401,29.0192,2.0766
10,9am,59.0343,4.0417,3.4994,31.2489,2.1757
10,10am,60.4491,3.2406,5.4682,28.7171,2.125
10,11am,58.3146,3.4463,3.6348,32.3445,2.2599
10,12am,57.9976,3.2452,4.128,32.3391,2.29
10,1pm,56.3351,4.1035,4.2137,33.0102,2.3375
10,2pm,57.6754,5.4931,3.2871,31.3361,2.2083
10,3pm,57.3619,4.8423,4.1339,30.9393,2.7226
10,4pm,58.0526,4.8982,4.3428,29.9525,2.754
10,5pm,54.8593,9.3566,3.2671,29.9914,2.5256
10,6pm,57.0137,10.0015,2.8288,27.9692,2.1868
10,7pm,55.2565,9.9729,4.3331,29.1747,1.2628
10,8pm,56.7452,10.8582,3.3806,27.5744,1.4416
10,9pm,57.9872,10.018,3.6844,26.3053,2.0051
10,10pm,56.4832,10.1156,3.7203,27.6563,2.0246
10,11pm,56.151,10.7058,3.6916,27.4426,2.009
10,12pm,56.8947,10.4835,3.1642,27.4905,1.9672
10,1am,57.1314,9.7879,3.2087,27.8772,1.9949
10,2am,57.1314,9.7879,3.2087,27.8772,1.9949
10,3am,57.1314,9.7879,3.2087,27.8772,1.9949
11,4am,48.0152,14.346,6.4374,25.5016,5.6998
11,5am,47.9666,14.3594,6.4434,25.5254,5.7051
11,6am,47.5582,14.0684,5.9325,26.5146,5.9263
11,7am,45.8127,14.4134,7.3169,26.3855,6.0716
11,8am,40.0414,20.5876,8.1019,25.9106,5.3584
11,9am,49.1602,17.927,7.3704,20.7176,4.8249
11,10am,52.9092,17.4622,5.8885,21.897,1.8431
11,11am,52.3468,17.711,6.9649,20.559,2.4182
11,12am,51.6689,17.4062,6.5082,20.1162,4.3005
11,1pm,52.1308,18.5999,6.1081,19.0328,4.1285
11,2pm,50.3472,18.8601,5.7306,20.3851,4.677
11,3pm,53.1905,16.8229,5.0762,18.6068,6.3035
11,4pm,52.103,16.0117,4.433,21.0537,6.3985
11,5pm,57.9524,12.8879,5.7196,17.295,6.1451
11,6pm,55.2989,12.7067,6.7844,18.9711,6.2389
11,7pm,55.1867,12.7145,6.8888,20.0737,5.1364
11,8pm,49.9226,13.8234,7.8264,22.6412,5.7865
11,9pm,49.7122,15.1581,6.8393,22.6908,5.5995
11,10pm,48.3697,15.1962,7.3218,24.2431,4.8693
11,11pm,48.4815,14.4819,7.4276,24.6693,4.9397
11,12pm,48.2812,14.5382,7.4565,24.7653,4.9589
11,1am,48.0577,14.1281,7.0821,25.1181,5.6141
11,2am,47.774,14.2052,7.1208,25.2553,5.6448
11,3am,48.1951,14.0907,7.0634,25.0516,5.5992
12,4am,49.1568,3.7622,6.0903,39.0094,1.9812
12,5am,48.8127,3.7877,6.1315,39.2735,1.9946
12,6am,48.0769,3.8421,6.2197,39.838,2.0233
12,7am,49.2981,2.9641,6.0021,39.7833,1.9525
12,8am,51.8198,3.7812,5.897,37.1204,1.3816
12,9am,49.9313,2.9605,7.244,39.1883,0.676
12,10am,51.6456,3.0527,9.7965,31.6692,3.8361
12,11am,51.4503,1.971,5.9842,36.4936,4.1009
12,12am,52.2465,2.7368,5.2487,38.3857,1.3823
12,1pm,46.677,3.0102,6.3922,41.8412,2.0794
12,2pm,46.2336,4.1998,5.0721,41.0096,3.4848
12,3pm,48.1077,2.8597,5.3735,39.5992,4.0599
12,4pm,54.2283,4.1851,6.4504,33.8973,1.2388
12,5pm,51.937,1.9772,5.6824,38.1183,2.2852
12,6pm,47.3081,6.4472,4.612,40.123,1.5098
12,7pm,47.7601,5.5147,4.2047,41.1439,1.3765
12,8pm,46.5376,5.5336,5.7129,40.1714,2.0445
12,9pm,47.23,4.8693,5.7096,40.1477,2.0433
12,10pm,48.2707,4.8369,4.9827,39.8801,2.0297
12,11pm,48.2263,4.8331,4.9788,39.9336,2.0281
12,12pm,47.1143,4.9369,5.0858,40.7913,2.0717
12,1am,47.6747,4.8317,5.5446,39.9215,2.0275
12,2am,48.1015,4.7301,6.1016,39.0819,1.9849
12,3am,48.1015,4.7301,6.1016,39.0819,1.9849
13,4am,53.5993,5.8953,3.8793,33.8705,2.7556
13,5am,53.3225,5.9304,3.9025,34.0726,2.772
13,6am,52.1101,6.0845,4.0038,34.9575,2.844
13,7am,51.5507,6.1555,4.0506,35.3659,2.8772
13,8am,45.7642,0.7826,5.1194,44.6974,3.6364
13,9am,43.8573,0,5.1854,48.1575,2.7999
13,10am,40.5824,2.2704,4.2207,50.0363,2.8902
13,11am,41.6241,2.6825,6.1106,45.7046,3.8783
13,12am,40.8946,2.6168,5.9609,47.6666,2.8611
13,1pm,45.2199,0.7612,4.9795,45.5023,3.5371
13,2pm,45.3315,3.9915,3.379,43.3976,3.9003
13,3pm,42.2805,3.8353,2.7103,47.4263,3.7476
13,4pm,42.4881,4.7922,4.3544,44.9666,3.3987
13,5pm,43.802,5.5406,5.3286,42.7494,2.5794
13,6pm,46.9103,6.6309,4.2716,39.153,3.0342
13,7pm,46.6776,8.2683,4.1407,37.2815,3.6319
13,8pm,47.6291,8.1482,3.374,37.2694,3.5792
13,9pm,49.0278,7.5023,3.4445,36.3715,3.6539
13,10pm,52.8168,6.9446,3.1885,33.6678,3.3823
13,11pm,52.6525,6.0187,3.2749,34.5799,3.474
13,12pm,52.5398,6.0299,3.9679,34.6439,2.8185
13,1am,52.9422,5.9787,3.9343,34.3502,2.7946
13,2am,52.9422,5.9787,3.9343,34.3502,2.7946
13,3am,52.9422,5.9787,3.9343,34.3502,2.7946
14,4am,57.7767,7.8829,4.4929,29.8476,0
14,5am,57.7767,7.8829,4.4929,29.8476,0
14,6am,57.6624,7.9042,4.505,29.9283,0
14,7am,58.3832,8.2798,4.3616,28.9754,0
14,8am,56.9922,8.8242,3.8201,30.3635,0
14,9am,56.8448,10.1252,3.2762,29.7537,0
14,10am,57.065,9.452,2.4651,31.0179,0
14,11am,55.1296,10.1351,3.1756,30.1001,1.4596
14,12am,53.8395,10.1362,3.4189,32.6054,0
14,1pm,54.893,8.1585,3.5066,33.4419,0
14,2pm,57.3545,6.4731,3.456,32.7164,0
14,3pm,59.6279,7.334,3.4927,29.5455,0
14,4pm,62.5067,5.9446,3.2995,26.9766,1.2726
14,5pm,56.6697,7.3615,4.162,30.5478,1.259
14,6pm,58.5871,6.108,5.3407,29.9643,0
14,7pm,57.7934,8.1447,4.1878,29.874,0
14,8pm,60.6129,7.266,3.736,28.385,0
14,9pm,61.9713,6.2468,3.5171,28.2648,0
14,10pm,61.8566,6.2454,4.0504,27.8475,0
14,11pm,61.9398,7.1734,3.9094,26.9774,0
14,12pm,61.7126,7.1815,3.9138,27.1921,0
14,1am,60.9399,7.1958,4.6183,27.246,0
14,2am,61.2567,7.2332,4.1226,27.3876,0
14,3am,60.9918,7.2826,4.1508,27.5748,0
15,4am,47.9921,9.5623,9.0557,25.6695,7.7204
15,5am,46.7483,9.791,9.2723,26.2834,7.905
15,6am,45.8339,9.2366,9.5857,27.1716,8.1722
15,7am,44.7142,9.5623,9.9237,27.3396,8.4603
15,8am,41.9611,6.5974,9.9638,32.2674,9.2103
15,9am,40.946,7.2172,11.8206,30.6434,9.3729
15,10am,37.7599,6.0854,12.5592,32.7336,10.8618
15,11am,36.9333,5.9833,10.9873,36.0057,10.0905
15,12am,38.9021,6.8449,12.5675,33.359,8.3265
15,1pm,37.9641,8.5784,12.2712,32.2038,8.9826
15,2pm,38.0944,6.9412,11.4178,34.1732,9.3734
15,3pm,35.3793,9.4113,10.6137,34.1761,10.4196
15,4pm,36.0663,6.2637,11.0812,35.1248,11.4641
15,5pm,38.2133,9.1592,9.7409,32.9587,9.928
15,6pm,42.0499,8.3248,9.7435,32.7996,7.0822
15,7pm,44.2071,10.5785,9.0183,29.6509,6.5451
15,8pm,47.4928,10.5709,8.814,26.5203,6.602
15,9pm,49.8399,8.9542,9.11,25.098,6.9979
15,10pm,48.4342,9.8444,9.224,25.4119,7.0855
15,11pm,47.2714,10.654,9.1411,25.9116,7.0218
15,12pm,47.0694,10.5816,9.0351,25.611,7.7028
15,1am,47.9286,10.4099,8.8885,25.1953,7.5778
15,2am,48.3162,10.3324,8.8223,25.0077,7.5214
15,3am,48.8124,9.4115,8.9129,25.2646,7.5986
16,4am,54.0711,10.1827,8.406,17.3441,9.9961
16,5am,53.1049,10.3969,8.5829,17.7089,10.2063
16,6am,51.2474,10.8087,8.9228,18.4104,10.6106
16,7am,51.9256,10.8162,8.929,18.4231,9.9061
16,8am,49.0311,6.4637,10.6657,22.0065,11.8329
16,9am,49.3544,4.9579,11.8751,23.0748,10.7378
16,10am,49.3393,4.145,12.4053,22.8341,11.2764
16,11am,51.261,2.0375,11.3134,23.6623,11.7258
16,12am,52.267,1.0222,10.2172,24.0878,12.4058
16,1pm,50.5761,4.7074,9.9367,21.3447,13.435
16,2pm,47.5896,4.9326,7.5753,23.7021,16.2004
16,3pm,48.6194,7.1831,7.1374,21.7961,15.264
16,4pm,49.6333,9.2032,8.3979,20.0329,12.7327
16,5pm,52.7029,8.0428,6.0077,19.9718,13.2749
16,6pm,51.3029,13.6528,5.8477,16.9057,12.2908
16,7pm,48.9461,14.8211,6.7497,18.4848,10.9984
16,8pm,51.4257,14.8997,6.3038,17.0988,10.2719
16,9pm,51.0515,13.3959,6.2149,18.6956,10.6421
16,10pm,52.1883,11.7397,7.0834,18.3639,10.6247
16,11pm,53.0395,11.861,7.0547,17.4632,10.5816
16,12pm,53.1889,11.396,7.6083,17.6401,10.1667
16,1am,53.2203,11.2209,8.1791,17.3691,10.0105
16,2am,52.5382,11.3845,8.2984,17.6224,10.1565
16,3am,52.8169,11.4449,7.8119,17.7159,10.2103
17,4am,44.3058,13.0101,11.5742,17.123,13.987
17,5am,44.4712,12.9714,11.5398,17.0722,13.9454
17,6am,44.1273,13.0518,11.6112,17.1779,14.0318
17,7am,41.9218,13.3444,11.8715,17.563,15.2994
17,8am,48.8364,8.0115,11.6167,16.5646,14.9709
17,9am,54.5703,8.2965,8.0165,16.4208,12.696
17,10am,55.7616,8.2281,7.3329,16.0613,12.616
17,11am,58.9267,8.3681,9.9429,11.8451,10.9172
17,12am,57.1589,8.4115,12.7767,11.1007,10.5522
17,1pm,59.2257,7.0682,10.8229,11.9,10.9832
17,2pm,56.3869,5.847,12.3681,13.2816,12.1164
17,3pm,57.2167,5.6899,10.8184,12.5809,13.6941
17,4pm,53.6955,5.7074,11.2402,16.2934,13.0635
17,5pm,56.1201,8.2576,10.6602,13.5911,11.371
17,6pm,52.8577,9.7314,13.1794,11.2024,13.029
17,7pm,53.8674,10.955,12.2043,11.2613,11.712
17,8pm,47.1633,11.9573,12.0464,16.2537,12.5794
17,9pm,50.7054,11.9448,10.7437,14.6009,12.0051
17,10pm,48.2434,13.3782,10.1821,14.9652,13.231
17,11pm,48.4719,13.055,10.1199,16.1237,12.2295
17,12pm,45.6213,12.3209,11.6174,16.4013,14.0392
17,1am,44.3887,12.6002,11.8807,16.773,14.3574
17,2am,44.3887,12.6002,11.8807,16.773,14.3574
17,3am,44.0349,12.4997,11.786,17.4364,14.243
18,4am,52.7931,9.1357,8.6972,22.2107,7.1634
18,5am,52.4363,9.2047,8.7629,22.3785,7.2175
18,6am,52.5818,9.1766,8.7361,22.3101,7.1954
18,7am,51.7887,8.7155,9.0226,23.0418,7.4314
18,8am,53.1025,6.2766,9.9151,23.9263,6.7796
18,9am,50.3364,6.9713,9.8238,25.921,6.9476
18,10am,48.0421,8.8869,9.1192,25.1875,8.7643
18,11am,48.6157,10.127,9.7379,23.4642,8.0552
18,12am,47.0912,10.2001,10.4592,24.7972,7.4522
18,1pm,44.4285,11.2898,9.7718,28.3713,6.1385
18,2pm,48.6923,9.117,10.5014,25.2739,6.4155
18,3pm,45.0491,10.2508,10.6831,26.2461,7.7709
18,4pm,50.7555,8.8688,9.6582,24.0114,6.7061
18,5pm,48.7584,10.3405,7.5607,25.1449,8.1955
18,6pm,46.9855,11.156,8.8868,25.4718,7.4999
18,7pm,48.8107,10.947,7.8154,25.2862,7.1407
18,8pm,48.0418,11.6767,9.3893,23.992,6.9002
18,9pm,49.4721,12.1212,9.5265,23.0545,5.8257
18,10pm,48.111,11.7711,9.3553,23.8914,6.8712
18,11pm,49.653,10.503,10.0311,23.1538,6.6591
18,12pm,50.4965,10.1638,9.7072,22.4061,7.2264
18,1am,51.6523,9.9265,9.4806,21.883,7.0577
18,2am,51.558,10.5137,9.3589,21.6022,6.9671
18,3am,51.2812,10.5738,9.4124,21.7257,7.0069
19,4am,49.6008,6.8498,10.9895,22.3754,10.1845
19,5am,49.2357,7.9567,10.8023,21.9943,10.011
19,6am,47.0657,8.2968,11.2641,22.9345,10.4389
19,7am,47.9421,8.1594,11.0776,22.5548,10.2661
19,8am,61.6653,6.8202,8.3729,16.5603,6.5813
19,9am,66.1933,7.2448,6.4339,13.8578,6.2702
19,10am,68.3013,6.5706,6.3979,12.6453,6.0848
19,11am,68.6755,6.4014,6.1268,13.0134,5.7829
19,12am,67.797,6.7341,6.8299,12.1423,6.4966
19,1pm,66.587,5.9858,6.7477,13.9408,6.7388
19,2pm,67.2034,4.9631,6.9748,14.9945,5.8642
19,3pm,68.1356,5.6617,7.8355,12.6772,5.69
19,4pm,65.4346,5.6632,8.9015,14.0941,5.9066
19,5pm,62.7424,5.7141,8.3346,15.3094,7.8995
19,6pm,58.5693,6.0341,10.5345,15.5696,9.2926
19,7pm,55.1915,6.576,10.4387,18.4247,9.3691
19,8pm,54.0774,6.9285,9.3652,20.3793,9.2497
19,9pm,49.0158,7.8463,9.5242,23.86,9.7538
19,10pm,50.2429,7.3192,9.2434,24.4018,8.7926
19,11pm,50.8726,7.4805,8.6311,24.0294,8.9864
19,12pm,49.8697,7.8608,10.1897,22.6365,9.4433
19,1am,49.0021,8.1716,10.5926,22.4169,9.8167
19,2am,49.0021,8.1716,10.5926,22.4169,9.8167
19,3am,49.0021,8.1716,10.5926,22.4169,9.8167
20,4am,55.453,10.1225,7.956,18.5669,7.9016
20,5am,55.1138,10.1996,8.0166,18.7083,7.9617
20,6am,54.812,10.2682,8.0705,18.8341,8.0153
20,7am,55.2324,10.3482,8.1334,18.9809,7.3051
20,8am,49.8739,8.8192,9.363,22.6449,9.299
20,9am,46.6478,11.9714,7.9908,23.0242,10.3657
20,10am,45.3033,9.7303,9.3671,26.3614,9.2379
20,11am,43.4117,8.5011,11.2278,25.9834,10.876
20,12am,43.6235,9.6706,10.5066,25.9679,10.2314
20,1pm,46.9225,10.0419,11.851,21.3055,9.8791
20,2pm,51.8724,8.3486,11.4071,20.9165,7.4553
20,3pm,51.4151,8.415,11.0454,20.1991,8.9254
20,4pm,53.3578,6.6828,11.1881,21.7309,7.0404
20,5pm,51.7194,6.7927,10.1606,23.2176,8.1097
20,6pm,51.8902,7.5147,9.428,21.2861,9.881
20,7pm,54.0375,8.5689,9.1751,19.7946,8.424
20,8pm,54.8012,7.9438,10.8532,19.4307,6.9711
20,9pm,57.1875,7.6066,10.7142,17.8165,6.6752
20,10pm,57.8989,8.1673,10.1094,17.3311,6.4933
20,11pm,57.7621,8.3258,9.6255,17.6674,6.6193
20,12pm,57.806,7.9867,8.6568,17.6988,7.8517
20,1am,57.806,7.9867,8.6568,17.6988,7.8517
20,2am,58.2507,7.7644,8.4158,17.9361,7.6331
20,3am,58.1374,8.3248,8.305,17.7001,7.5326
21,4am,55.5201,9.5006,6.5894,17.411,10.979
21,5am,54.6884,9.8026,6.7988,17.9644,10.7457
21,6am,53.11,10.1441,7.0357,18.5902,11.1201
21,7am,50.0868,10.1369,7.4746,19.7501,12.5517
21,8am,49.9074,7.4377,7.8973,21.9316,12.8261
21,9am,44.2952,17.3111,6.8949,19.2266,12.2722
21,10am,42.094,16.7368,7.2006,20.9235,13.045
21,11am,42.7734,19.4375,4.9726,21.1124,11.7041
21,12am,45.4748,15.5618,6.8288,19.5178,12.6169
21,1pm,43.8381,14.3234,7.5794,21.1378,13.1213
21,2pm,44.2283,15.6635,5.6175,21.363,13.1278
21,3pm,45.7725,14.5484,4.8511,23.2123,11.6157
21,4pm,46.6905,16.208,6.3988,19.0654,11.6373
21,5pm,49.5907,15.6079,7.314,16.7312,10.7562
21,6pm,56.5164,7.4188,8.5553,18.6121,8.8975
21,7pm,57.8385,9.8969,5.004,16.3925,10.8681
21,8pm,57.2537,8.4756,4.5214,18.3789,11.3704
21,9pm,57.6801,8.9799,4.5403,18.4559,10.3438
21,10pm,57.3383,8.8681,4.4838,18.2262,11.0836
21,11pm,55.9667,8.6864,5.1348,18.5285,11.6837
21,12pm,55.581,8.7624,5.1797,18.6908,11.786
21,1am,55.7632,9.5357,5.0409,18.19,11.4702
21,2am,55.1196,9.1069,6.0599,18.2228,11.4909
21,3am,54.6622,9.0313,6.8394,18.0716,11.3956
22,4am,37.8031,9.7587,16.4024,24.8266,11.2092
22,5am,37.8031,9.7587,16.4024,24.8266,11.2092
22,6am,37.4038,9.8214,16.5077,24.986,11.2812
22,7am,35.0556,10.1898,17.1269,25.9233,11.7044
22,8am,37.3065,10.4395,16.0172,26.2933,9.9435
22,9am,42.4605,9.1866,14.6523,24.3285,9.3722
22,10am,46.2858,9.5504,11.8037,22.6167,9.7433
22,11am,47.8526,13.3921,11.2632,19.968,7.5241
22,12am,40.7804,13.4643,10.7142,26.7349,8.3061
22,1pm,43.0018,16.0207,9.9498,23.0797,7.948
22,2pm,43.289,11.3068,11.999,25.1463,8.259
22,3pm,43.4793,10.7185,9.9334,28.3646,7.5041
22,4pm,45.3783,10.1556,11.1215,26.1476,7.1969
22,5pm,40.4679,8.0931,13.7339,29.4301,8.2749
22,6pm,36.504,10.8069,12.848,30.2963,9.5447
22,7pm,37.522,10.4616,15.8897,27.0595,9.0671
22,8pm,38.8586,9.0249,17.4314,25.0996,9.5854
22,9pm,37.8403,12.2136,15.0995,24.5348,10.3118
22,10pm,40.1894,11.1813,14.7014,23.8879,10.04
22,11pm,40.5042,11.1225,14.624,23.7622,9.9871
22,12pm,40.0935,9.4391,16.3125,23.4669,10.6879
22,1am,39.9133,9.1876,15.8779,23.7298,11.2914
22,2am,39.5964,9.1146,15.7518,24.3354,11.2018
22,3am,39.5964,9.1146,15.7518,24.3354,11.2018
23,4am,43.9199,5.074,3.1323,41.9258,5.9479
23,5am,43.8721,4.998,3.0854,41.2975,6.7471
23,6am,42.3216,5.1361,3.1706,42.4383,6.9334
23,7am,43.2967,5.218,3.2212,42.1474,6.1167
23,8am,40.463,5.4737,3.5269,43.8392,6.6972
23,9am,40.233,5.0561,3.1229,44.3938,7.1942
23,10am,41.4173,5.3757,3.3202,43.1167,6.7701
23,11am,42.5024,5.1472,5.0776,38.9567,8.3161
23,12am,41.8594,5.0553,3.788,41.4139,7.8834
23,1pm,43.9558,5.5114,3.5967,40.1065,6.8296
23,2pm,42.683,5.0885,4.0759,39.65,8.5027
23,3pm,42.6814,5.4755,3.0722,42.1939,6.5771
23,4pm,44.1344,4.9943,4.1866,41.3267,5.3581
23,5pm,41.8366,4.64,2.4129,45.1483,5.9622
23,6pm,38.8005,4.873,4.0451,45.311,6.9703
23,7pm,37.8203,4.322,6.3265,41.7718,9.7593
23,8pm,40.2289,4.7696,6.2919,42.3408,6.3688
23,9pm,40.321,5.6557,6.0989,41.751,6.1734
23,10pm,41.808,5.5103,4.2707,42.3963,6.0147
23,11pm,44.0598,5.4313,3.4736,41.1069,5.9284
23,12pm,43.7385,5.3968,3.4515,41.5225,5.8907
23,1am,44.1155,5.3606,3.4284,41.2443,5.8513
23,2am,43.8219,5.9904,3.4056,40.9698,5.8123
23,3am,43.9734,6.0112,3.0715,41.1115,5.8324
24,4am,50.0006,14.7647,3.5232,26.5917,5.1198
24,5am,49.8721,14.8026,3.5323,26.66,5.1329
24,6am,49.4258,14.3653,3.6207,27.3269,5.2613
24,7am,48.7842,14.5475,3.6666,27.6736,5.3281
24,8am,48.7435,11.979,3.8391,29.5739,5.8644
24,9am,48.7742,12.8975,4.6965,28.0767,5.5551
24,10am,47.5293,9.8788,4.6085,31.6157,6.3677
24,11am,50.4689,11.5869,4.4986,28.2211,5.2244
24,12am,49.2474,10.9599,4.866,29.2755,5.6512
24,1pm,46.1567,10.5326,4.7135,32.3846,6.2126
24,2pm,48.11,9.6624,4.6515,32.3444,5.2317
24,3pm,50.8932,9.5474,4.3822,30.2735,4.9036
24,4pm,50.5976,8.6749,5.4797,30.4184,4.8294
24,5pm,51.5278,10.5001,4.1093,28.7197,5.1432
24,6pm,46.9779,11.8909,5.7095,30.9875,4.4342
24,7pm,49.3091,13.8247,4.3986,28.3142,4.1533
24,8pm,48.853,13.929,3.8782,27.7043,5.6355
24,9pm,49.0568,12.5123,4.0046,28.6072,5.8192
24,10pm,48.672,11.7322,4.0322,29.7042,5.8594
24,11pm,47.7145,13.1142,3.9169,29.5626,5.6918
24,12pm,48.7945,15.0356,3.6168,27.2975,5.2557
24,1am,48.9057,15.5426,3.5549,26.8309,5.1658
24,2am,49.3077,15.4203,3.527,26.6198,5.1252
24,3am,49.3077,15.4203,3.527,26.6198,5.1252
25,4am,46.8219,23.7919,5.6556,20.8359,2.8947
25,5am,48.1981,23.4996,5.447,20.0673,2.7879
25,6am,52.9156,21.6925,4.8869,18.0037,2.5012
25,7am,55.6001,19.8624,4.7225,17.398,2.4171
25,8am,59.1035,19.3566,4.3479,14.9667,2.2253
25,9am,54.823,24.5282,3.7175,14.7738,2.1576
25,10am,55.2648,27.234,2.6168,12.5339,2.3505
25,11am,53.764,29.9593,2.1699,12.443,1.6638
25,12am,52.0782,30.591,3.4567,11.9415,1.9327
25,1pm,51.2347,25.0358,5.3024,15.9413,2.4858
25,2pm,51.4094,26.1555,5.021,15.2269,2.1873
25,3pm,47.0355,30.9789,4.3864,15.3071,2.2922
25,4pm,48.4577,29.6592,3.1163,16.8239,1.9429
25,5pm,47.8682,28.9301,4.8721,15.9387,2.3909
25,6pm,48.893,25.969,6.7328,16.2719,2.1333
25,7pm,49.232,22.3504,6.3021,19.3295,2.786
25,8pm,50.42,21.9551,6.3267,18.4499,2.8483
25,9pm,52.9713,20.8956,5.7008,17.5693,2.8629
25,10pm,49.3014,22.5047,6.2253,19.1748,2.7937
25,11pm,47.1651,23.7641,5.5559,20.7248,2.7901
25,12pm,46.9241,24.6791,5.3442,20.3174,2.7353
25,1am,46.151,25.0386,5.422,20.6133,2.7751
25,2am,46.4172,24.6062,5.4533,20.7323,2.7911
25,3am,47.1238,24.2816,5.3814,20.4588,2.7543
26,4am,44.7552,14.5816,9.1889,22.8466,8.6277
26,5am,45.6951,14.3335,9.0326,22.4579,8.481
26,6am,45.3018,14.4373,9.098,22.6205,8.5424
26,7am,43.6553,14.5216,9.451,23.4982,8.8738
26,8am,46.0752,12.154,9.6059,23.8832,8.2817
26,9am,44.3879,10.0271,11.9136,24.6196,9.0519
26,10am,46.3269,10.5919,9.7758,23.8253,9.4801
26,11am,45.939,10.5758,7.6634,26.2601,9.5617
26,12am,49.7198,13.529,5.274,23.4802,7.9971
26,1pm,48.3421,17.2947,4.892,22.1054,7.3658
26,2pm,45.9416,16.6156,5.7968,23.5259,8.1202
26,3pm,48.3466,13.9062,6.4959,22.4148,8.8365
26,4pm,50.5038,12.5056,7.6709,21.0393,8.2803
26,5pm,45.9459,9.1817,8.4114,26.3388,10.1222
26,6pm,43.0189,8.9907,8.7873,30.376,8.827
26,7pm,38.5139,12.901,8.7326,29.3008,10.5517
26,8pm,43.1,14.7614,8.3976,24.8074,8.9336
26,9pm,43.8732,16.3029,8.545,22.2254,9.0535
26,10pm,46.9214,14.7319,7.8679,21.6569,8.8219
26,11pm,45.4893,14.8102,8.1457,22.4215,9.1333
26,12pm,44.3098,16.368,8.2057,22.5868,8.5297
26,1am,45.204,16.1052,8.074,22.2242,8.3927
26,2am,45.204,16.1052,8.074,22.2242,8.3927
26,3am,45.204,16.1052,8.074,22.2242,8.3927
27,4am,44.4288,6.8235,14.9244,23.8841,9.9392
27,5am,44.4038,6.8266,14.9311,23.8948,9.9437
27,6am,44.4971,6.8151,14.9061,23.8547,9.927
27,7am,42.2,7.6944,15.3402,24.5494,10.2161
27,8am,43.3421,6.1582,15.4608,24.7425,10.2964
27,9am,41.0739,6.792,15.2788,25.4991,11.3562
27,10am,44.3309,6.133,15.2278,23.3191,10.9892
27,11am,44.2563,6.8481,13.4846,24.373,11.038
27,12am,43.9769,6.4383,14.7245,23.9269,10.9334
27,1pm,41.5945,7.7028,16.1247,23.7331,10.8448
27,2pm,42.5702,5.6915,16.003,25.2512,10.4841
27,3pm,40.844,5.8355,16.631,26.5249,10.1646
27,4pm,42.5142,6.5863,18.0935,23.1595,9.6464
27,5pm,42.9992,9.0421,16.1171,22.6221,9.2195
27,6pm,43.5803,6.7458,15.0322,24.4361,10.2057
27,7pm,41.2343,8.4498,14.9632,25.7376,9.6151
27,8pm,42.2147,7.8417,16.0847,24.126,9.7329
27,9pm,42.0006,7.5197,16.2574,24.385,9.8374
27,10pm,43.1828,6.6145,16.4046,24.6059,9.1923
27,11pm,43.5013,6.5492,15.7582,24.3629,9.8284
27,12pm,43.046,7.2208,15.6899,24.2574,9.7859
27,1am,43.1634,7.2404,15.4601,24.3236,9.8126
27,2am,43.1634,7.2404,15.4601,24.3236,9.8126
27,3am,43.55,7.1912,15.3549,24.1581,9.7458
28,4am,42.732,12.5633,8.5756,26.933,9.1962
28,5am,42.6752,12.5757,8.5841,26.9597,9.2053
28,6am,43.8249,12.3235,8.4119,26.419,9.0207
28,7am,46.2309,11.3017,8.1464,25.5851,8.7359
28,8am,51.2323,15.3575,5.4577,21.0865,6.8659
28,9am,55.6811,13.7303,4.7887,19.4768,6.3231
28,10am,55.6662,14.7942,5.0085,18.8413,5.6899
28,11am,56.5394,15.4744,6.3381,16.1534,5.4947
28,12am,55.6904,16.019,4.7082,17.1201,6.4624
28,1pm,54.339,16.6762,4.6776,17.2937,7.0135
28,2pm,58.906,13.4251,4.878,16.6253,6.1656
28,3pm,59.4886,14.7419,4.888,15.6764,5.2051
28,4pm,57.3805,14.2811,4.7624,18.3571,5.2188
28,5pm,49.8422,16.3817,6.0311,21.2909,6.4541
28,6pm,44.9259,13.9159,6.5807,26.1853,8.3922
28,7pm,46.5152,12.7177,5.4952,27.1789,8.0931
28,8pm,48.4812,9.7913,6.4549,26.1913,9.0812
28,9pm,47.3878,11.0344,6.3424,26.1377,9.0976
28,10pm,48.1805,9.7208,6.4202,26.4694,9.2091
28,11pm,44.3595,10.7354,7.2665,28.1255,9.513
28,12pm,43.6714,10.5635,8.7291,27.6753,9.3607
28,1am,43.6703,10.5637,8.7292,27.6759,9.3609
28,2am,43.2318,11.2605,8.68,27.5197,9.3081
28,3am,42.9073,11.9266,8.6148,27.3131,9.2382
29,4am,35.0023,11.1399,18.0297,26.1271,9.701
29,5am,36.4562,10.8907,17.6265,25.5427,9.484
29,6am,37.0271,10.7928,17.4681,25.3132,9.3988
29,7am,37.5715,10.0951,17.5194,25.3876,9.4264
29,8am,44.3609,4.2228,17.644,24.2789,9.4934
29,9am,45.3206,5.0756,17.0708,23.3536,9.1792
29,10am,51.7716,3.3063,17.4456,18.0391,9.4375
29,11am,48.2844,2.5506,20.3685,19.4921,9.3044
29,12am,46.2455,3.0054,18.7797,21.9653,10.0041
29,1pm,38.5597,4.9455,17.693,27.6417,11.16
29,2pm,40.7494,1.7801,17.1596,26.894,13.4168
29,3pm,46.6109,1.8781,14.7074,26.5931,10.2106
29,4pm,44.4827,3.1893,16.8953,24.6617,10.771
29,5pm,44.1407,5.3826,17.6861,22.4828,10.3077
29,6pm,35.9405,7.1782,20.0713,26.0106,10.7995
29,7pm,32.5235,10.8152,17.5412,29.2719,9.8482
29,8pm,33.4175,11.9146,18.239,26.189,10.2399
29,9pm,31.5057,11.688,18.6695,28.0915,10.0452
29,10pm,31.3748,13.7779,18.592,26.2518,10.0035
29,11pm,32.3423,13.5837,18.3298,25.8817,9.8625
29,12pm,33.6006,12.0113,18.9573,25.6548,9.776
29,1am,33.6006,12.0113,18.9573,25.6548,9.776
29,2am,33.6006,12.0113,18.9573,25.6548,9.776
29,3am,33.6006,12.0113,18.9573,25.6548,9.776
30,4am,50.7491,26.2468,8.8722,9.5783,4.5535
30,5am,51.692,25.7444,8.7024,9.395,4.4663
30,6am,52.5361,25.0105,8.6599,9.349,4.4445
30,7am,50.803,25.627,9.3931,9.7648,4.4121
30,8am,56.645,20.12,8.8854,9.237,5.1127
30,9am,55.5,20.5132,9.317,10.0987,4.5712
30,10am,56.505,20.7548,6.9827,9.9393,5.8183
30,11am,57.4104,19.3672,6.7564,10.7405,5.7255
30,12am,60.5354,18.2479,7.0686,9.8602,4.288
30,1pm,57.0903,20.5863,7.9611,9.2484,5.114
30,2pm,58.9803,19.6673,7.1772,9.3564,4.8188
30,3pm,59.5487,18.7617,7.756,10.1007,3.8328
30,4pm,58.0001,16.321,6.8982,12.8735,5.9073
30,5pm,52.7759,19.755,9.2831,14.3866,3.7994
30,6pm,54.1369,25.2219,5.407,9.6389,5.5954
30,7pm,51.8477,24.6913,7.4098,11.1763,4.8749
30,8pm,50.0908,25.4422,9.1054,10.5497,4.812
30,9pm,51.0118,23.6065,10.1438,9.879,5.359
30,10pm,51.2867,24.2877,10.1186,9.8544,4.4527
30,11pm,50.7357,23.8854,11.5935,9.3436,4.4419
30,12pm,51.0055,23.9401,11.0402,9.4986,4.5156
30,1am,51.8697,24.9463,8.521,9.9384,4.7247
30,2am,51.3057,25.085,9.1057,9.8303,4.6733
30,3am,51.5439,25.3112,8.9265,9.6369,4.5814
31,4am,60.8221,18.8755,5.1213,13.1154,2.0657
31,5am,60.5508,19.0062,5.1567,13.2062,2.08
31,6am,60.7455,18.9124,5.1313,13.141,2.0698
31,7am,60.871,19.1616,5.0368,12.899,2.0317
31,8am,57.9132,26.2364,4.1924,10.062,1.596
31,9am,58.0983,26.7159,4.3412,9.229,1.6156
31,10am,58.5958,26.0824,4.2195,9.5078,1.5945
31,11am,59.2181,25.3113,3.7177,9.0946,2.6583
31,12am,59.3059,25.3945,3.6053,8.9845,2.7099
31,1pm,62.1084,24.885,2.4948,8.5674,1.9444
31,2pm,61.7765,25.8326,2.8492,7.7406,1.8012
31,3pm,61.4591,24.8527,3.8606,7.7398,2.0877
31,4pm,58.8346,27.1036,2.8104,9.9285,1.3229
31,5pm,54.5794,28.2573,3.5343,11.5761,2.0529
31,6pm,57.0823,21.4286,3.9283,15.4102,2.1506
31,7pm,60.0728,19.898,5.8801,11.9388,2.2103
31,8pm,57.3866,22.9831,5.2584,11.8344,2.5375
31,9pm,57.5385,20.4083,5.8657,14.822,1.3655
31,10pm,60.0592,18.6295,5.3513,14.5503,1.4098
31,11pm,61.7225,17.4617,5.4632,13.9665,1.3861
31,12pm,62.3764,16.4804,6.0957,13,2.0476
31,1am,62.9533,16.9748,5.4393,12.6415,1.9911
31,2am,62.8179,17.8477,4.9515,12.3856,1.9973
31,3am,62.3067,18.5162,4.9113,12.2848,1.981
32,4am,52.0991,14.0366,4.4485,23.4606,5.9552
32,5am,51.5886,14.1862,4.496,23.7106,6.0187
32,6am,52.207,14.005,4.4385,23.4077,5.9418
32,7am,53.5406,13.1209,4.3795,23.0963,5.8627
32,8am,64.001,9.5053,3.4803,18.3543,4.6591
32,9am,69.8787,7.3689,2.5557,16.7755,3.4213
32,10am,70.3219,7.3554,2.3312,18.0042,1.9873
32,11am,69.261,7.0771,3.1012,17.7033,2.8575
32,12am,71.9697,7.3942,2.9456,15.5925,2.098
32,1pm,69.3918,9.4938,3.299,14.8547,2.9607
32,2pm,73.5281,6.8025,2.3554,14.8319,2.482
32,3pm,71.9343,7.6677,1.2499,16.9833,2.1647
32,4pm,71.9702,5.7452,2.3613,16.9999,2.9234
32,5pm,68.821,7.4528,3.3547,16.8558,3.5156
32,6pm,65.9058,9.5965,3.6286,17.7372,3.1319
32,7pm,55.7689,9.7027,5.179,24.4742,4.8752
32,8pm,52.4018,9.341,6.718,25.0282,6.5109
32,9pm,53.7283,9.2038,5.2054,25.0337,6.8288
32,10pm,56.4736,9.3002,5.3241,22.0018,6.9004
32,11pm,53.7035,12.4769,5.0649,22.1903,6.5644
32,12pm,52.6466,12.6665,5.3944,23.6339,5.6586
32,1am,51.5859,14.8788,5.2153,22.8493,5.4708
32,2am,52.6301,13.1558,5.3208,23.3118,5.5815
32,3am,51.7723,13.394,5.4172,23.7339,5.6826
33,4am,43.9345,25.5347,7.5397,20.1543,2.8368
33,5am,43.9345,25.5347,7.5397,20.1543,2.8368
33,6am,44.7436,24.6718,7.553,20.1899,2.8418
33,7am,44.9342,24.5867,7.5269,20.1202,2.832
33,8am,34.0641,38.2238,6.3846,18.9254,2.4022
33,9am,43.0271,36.3215,5.3151,13.3835,1.9528
33,10am,42.2293,36.1534,5.2799,14.4881,1.8493
33,11am,41.1798,36.7761,4.4145,15.2416,2.388
33,12am,40.5078,36.0432,5.051,15.8845,2.5136
33,1pm,41.1811,37.5135,5.944,13.3605,2.0009
33,2pm,40.4424,39.3955,5.7063,12.7332,1.7226
33,3pm,42.7087,37.5519,4.6134,13.0765,2.0495
33,4pm,43.5641,37.5366,4.5272,12.5009,1.8714
33,5pm,45.9293,33.6817,4.7745,13.6409,1.9736
33,6pm,46.4669,30.3754,5.5061,15.1185,2.5331
33,7pm,44.3983,28.1041,7.1664,17.3127,3.0185
33,8pm,45.7692,25.8231,6.7374,16.8395,4.8309
33,9pm,44.2063,24.9545,6.4602,19.2899,5.0891
33,10pm,44.1792,25.4704,6.5564,18.6292,5.1649
33,11pm,43.7719,24.7563,6.7986,19.3175,5.3557
33,12pm,44.6253,24.1597,7.7086,20.606,2.9004
33,1am,44.6881,24.7649,7.5437,20.165,2.8383
33,2am,44.6881,24.7649,7.5437,20.165,2.8383
33,3am,44.6162,24.2718,7.6832,20.538,2.8908
34,4am,63.7085,9.6509,4.283,17.9751,4.3824
34,5am,63.7085,9.6509,4.283,17.9751,4.3824
34,6am,62.6841,9.9233,4.4039,18.4825,4.5061
34,7am,61.1417,10.2703,4.5961,19.2891,4.7028
34,8am,55.6857,13.3663,4.9427,20.7437,5.2616
34,9am,53.5615,14.7029,5.4484,21.122,5.1651
34,10am,50.1602,14.7555,6.6375,22.388,6.0588
34,11am,49.8555,13.4179,6.6072,25.4216,4.698
34,12am,46.9448,14.4811,8.3717,24.6339,5.5685
34,1pm,50.9929,9.8584,5.619,27.0889,6.4408
34,2pm,52.2063,10.6324,5.8047,25.4171,5.9394
34,3pm,54.803,13.4492,5.8565,21.928,3.9634
34,4pm,57.1048,13.0737,4.8994,20.823,4.0991
34,5pm,57.5184,11.5491,5.5739,21.469,3.8896
34,6pm,56.8789,10.6225,7.6485,20.0842,4.7658
34,7pm,57.5561,9.1041,6.4201,21.8907,5.029
34,8pm,61.1776,9.1806,5.1072,20.0277,4.507
34,9pm,62.2642,8.6926,4.5339,19.8701,4.6392
34,10pm,59.5802,11.4431,4.6586,19.5514,4.7667
34,11pm,60.5051,11.5988,4.4849,18.8223,4.589
34,12pm,62.041,10.1587,4.4695,18.7576,4.5732
34,1am,63.1455,9.8631,4.3394,18.2119,4.4401
34,2am,64.2618,8.9869,4.3008,18.0499,4.4007
34,3am,64.4073,8.3492,4.3799,18.3819,4.4816
35,4am,49.3596,21.2502,7.7776,20.8436,0.7689
35,5am,49.6209,21.1406,7.7375,20.7361,0.7649
35,6am,50.3896,20.818,7.6194,20.4197,0.7533
35,7am,51.7858,20.5561,7.5236,19.3908,0.7438
35,8am,52.5403,17.5376,8.278,20.5369,1.1072
35,9am,54.4616,18.5325,7.0971,18.7727,1.1362
35,10am,52.849,16.6661,8.3621,21.2638,0.8591
35,11am,50.0411,15.5029,6.2129,27.4017,0.8416
35,12am,53.2251,16.4481,5.7619,23.672,0.8929
35,1pm,55.3629,14.4297,8.7902,20.6181,0.7992
35,2pm,56.2927,11.7426,8.7669,20.3753,2.8225
35,3pm,53.881,15.4131,6.6009,20.9332,3.1719
35,4pm,49.918,16.8969,8.3937,19.7595,5.0319
35,5pm,49.7134,19.0938,9.1492,19.5396,2.504
35,6pm,50.8893,17.5802,6.7807,22.1868,2.563
35,7pm,46.3536,22.5001,7.3446,23.0205,0.7812
35,8pm,45.6747,23.7745,6.1587,22.8043,1.5878
35,9pm,45.8951,22.9052,7.508,22.1587,1.5331
35,10pm,45.0464,22.8672,9.3491,21.2556,1.4818
35,11pm,45.484,21.6929,10.0405,22.0286,0.754
35,12pm,48.1132,19.5501,9.3033,22.2711,0.7623
35,1am,48.7588,20.4033,7.7344,22.3389,0.7646
35,2am,48.7588,20.4033,7.7344,22.3389,0.7646
35,3am,48.2662,20.5994,7.8088,22.5536,0.772
36,4am,44.4579,25.9803,6.822,21.4852,1.2546
36,5am,44.4579,25.9803,6.822,21.4852,1.2546
36,6am,46.9578,25.1404,6.4389,20.2787,1.1842
36,7am,51.8279,22.4564,5.7897,18.8612,1.0648
36,8am,55.4694,24.0264,4.3572,15.3457,0.8013
36,9am,55.4479,23.9781,5.007,14.5213,1.0457
36,10am,55.5603,23.1872,5.7685,14.7787,0.7053
36,11am,59.0721,22.2156,6.3386,12.02,0.3537
36,12am,57.7559,21.8267,5.6585,13.1544,1.6046
36,1pm,60.1455,20.1426,5.1208,12.9732,1.6179
36,2pm,54.6384,24.2296,5.2172,14.2743,1.6406
36,3pm,57.0672,23.0414,4.3445,14.6676,0.8793
36,4pm,54.3374,23.727,5.8374,14.0238,2.0744
36,5pm,54.6473,22.6267,4.3997,17.503,0.8233
36,6pm,47.373,23.171,5.869,23.0585,0.5285
36,7pm,48.427,25.2011,7.1854,18.0784,1.1082
36,8pm,48.8945,25.498,6.0549,18.4145,1.1382
36,9pm,45.0953,28.6948,5.6827,19.3762,1.151
36,10pm,46.5768,26.4901,5.7679,20.0175,1.1478
36,11pm,47.7055,27.4342,6.272,17.4641,1.1242
36,12pm,46.5073,27.8457,5.843,18.6062,1.1977
36,1am,43.9172,30.025,6.4778,18.3958,1.1842
36,2am,42.0528,30.9117,6.4039,19.4539,1.1777
36,3am,42.4773,30.2613,6.4573,19.6164,1.1876
37,4am,42.6369,46.076,2.2276,9.0596,0
37,5am,42.8808,45.88,2.2181,9.0211,0
37,6am,42.8089,45.9377,2.2209,9.0324,0
37,7am,44.6482,44.3152,2.1781,8.8585,0
37,8am,48.1803,40.9989,2.1355,8.6853,0
37,9am,58.0566,29.7291,1.8697,10.1855,0.1592
37,10am,59.4206,24.4851,4.0247,10.777,1.2925
37,11am,56.221,24.792,4.6223,13.6472,0.7175
37,12am,56.4492,24.431,2.9527,15.158,1.0091
37,1pm,54.2204,26.9032,3.1669,14.9525,0.757
37,2pm,56.5832,26.5077,2.1832,14.2081,0.5178
37,3pm,54.0868,24.1302,6.0598,14.7139,1.0093
37,4pm,56.9847,24.0335,4.5226,13.9927,0.4664
37,5pm,54.3501,26.0338,4.4251,14.1977,0.9933
37,6pm,53.7102,28.6993,5.1432,11.6602,0.787
37,7pm,50.4153,36.4425,3.6397,9.1294,0.3731
37,8pm,51.0064,35.7293,2.7652,9.7638,0.7354
37,9pm,48.9146,37.7971,3.1301,9.4412,0.717
37,10pm,47.2624,40.233,2.8526,8.8876,0.7644
37,11pm,47.1393,39.9736,2.6553,9.47,0.7617
37,12pm,43.9706,43.1919,2.8709,9.1432,0.8235
37,1am,43.5163,41.7961,5.0248,9.6628,0
37,2am,44.2915,41.235,5.334,9.1395,0
37,3am,42.752,42.3514,5.4899,9.4067,0
38,4am,55.3823,8.4548,0.7743,33.4185,1.9701
38,5am,54.6253,8.5983,0.7874,33.9855,2.0035
38,6am,55.564,7.9305,0.7816,33.7351,1.9888
38,7am,54.3614,7.4208,0.8183,35.3175,2.082
38,8am,50.7445,2.841,1.0347,42.7471,2.6327
38,9am,45.0425,0.9638,1.1769,49.8221,2.9947
38,10am,44.9737,0.9829,1.2002,49.7896,3.0537
38,11am,37.1045,4.8383,1.0533,51.7758,5.2282
38,12am,44.7964,5.7552,1.2529,45.0077,3.1879
38,1pm,45.8186,4.4076,1.1805,45.5896,3.0037
38,2pm,43.7098,6.1797,1.1676,45.9722,2.9708
38,3pm,45.4258,3.2248,0,48.187,3.1624
38,4pm,45.9882,2.8742,0,48.3188,2.8187
38,5pm,49.5348,2.9105,3.1102,41.5902,2.8543
38,6pm,50.9579,5.4167,0.9979,40.0885,2.5391
38,7pm,52.998,6.7253,0.8869,37.1331,2.2567
38,8pm,56.3414,7.8913,0.7836,32.9898,1.9939
38,9pm,57.195,7.6211,0.7568,32.5015,1.9256
38,10pm,57.5752,7.5534,0.7501,32.2128,1.9085
38,11pm,57.9113,7.6949,0.7641,31.6854,1.9443
38,12pm,55.6775,8.3989,0.7692,33.1974,1.9571
38,1am,56.0158,8.3348,0.7633,32.944,1.9421
38,2am,56.2985,8.2812,0.7584,32.7323,1.9296
38,3am,56.2985,8.2812,0.7584,32.7323,1.9296
39,4am,63.9297,9.1258,10.1759,9.3261,7.4426
39,5am,63.1318,9.3276,10.401,9.5324,7.6073
39,6am,61.7109,9.6871,10.8018,9.8997,7.9004
39,7am,60.0011,10.1197,11.2842,10.3418,8.2532
39,8am,56.8715,17.3811,10.0039,9.1684,6.5751
39,9am,58.9746,19.6362,8.5989,7.1385,5.6517
39,10am,59.2476,19.0909,8.6067,6.9403,6.1146
39,11am,61.6276,16.1976,9.7247,6.6587,5.7913
39,12am,61.507,18.2717,7.8414,6.3413,6.0385
39,1pm,59.8175,16.9863,10.8614,5.9887,6.346
39,2pm,54.9036,20.4858,11.5237,6.998,6.0889
39,3pm,57.2694,21.1189,8.0998,6.9124,6.5996
39,4pm,56.5409,16.9224,8.797,9.412,8.3276
39,5pm,59.0946,13.7346,11.6907,7.9134,7.5667
39,6pm,65.9596,7.2744,11.3205,7.4092,8.0363
39,7pm,56.6234,11.9044,13.4504,9.5808,8.441
39,8pm,60.5502,11.7723,12.5387,7.2579,7.8809
39,9pm,61.4356,8.56,13.308,8.4186,8.2778
39,10pm,61.9683,8.2332,12.7999,9.0369,7.9617
39,11pm,62.0711,8.5885,12.2178,9.5229,7.5997
39,12pm,62.3074,9.1153,11.8278,9.3154,7.4341
39,1am,63.2214,8.8943,11.541,9.0895,7.2538
39,2am,64.6899,9.357,8.7595,9.5624,7.6312
39,3am,64.1933,9.2852,9.4599,9.489,7.5727
41,4am,54.4582,7.2569,7.5077,28.3054,2.4718
41,5am,54.6733,7.2227,7.4722,28.1717,2.4601
41,6am,54.653,7.3572,6.7877,28.6963,2.5059
41,7am,53.9757,7.467,6.8891,29.1249,2.5433
41,8am,51.7687,9.4022,6.9002,28.9335,2.9954
41,9am,51.4442,10.2284,6.8021,28.4271,3.0982
41,10am,52.6556,10.3411,6.2554,27.2981,3.4498
41,11am,50.0597,11.0429,6.6799,29.4102,2.8073
41,12am,50.2309,11.4823,7.0984,28.4742,2.7143
41,1pm,50.0347,11.4829,7.897,27.8711,2.7144
41,2pm,50.1298,10.9609,8.0989,27.7332,3.0771
41,3pm,53.8214,10.6667,6.9186,26.043,2.5503
41,4pm,50.9074,10.487,7.6262,28.4721,2.5073
41,5pm,52.504,10.0276,7.7617,27.1548,2.5519
41,6pm,53.0207,7.9406,8.5928,27.6307,2.8152
41,7pm,51.8344,8.8346,7.4016,28.93,2.9993
41,8pm,52.9948,9.4576,7.4206,27.3187,2.8083
41,9pm,51.9417,9.606,7.5993,27.977,2.876
41,10pm,52.5345,8.1909,7.7619,28.5752,2.9375
41,11pm,54.224,7.8353,7.4248,27.993,2.5229
41,12pm,53.7268,7.934,7.5184,28.3456,2.4753
41,1am,53.411,7.9881,7.5697,28.539,2.4922
41,2am,53.411,7.9881,7.5697,28.539,2.4922
41,3am,53.411,7.9881,7.5697,28.539,2.4922
42,4am,57.5397,4.3174,2.2857,30.2954,5.5617
42,5am,57.4631,4.3252,2.2899,30.35,5.5717
42,6am,56.5099,4.4222,2.3412,31.0302,5.6966
42,7am,54.2015,4.6569,2.4655,32.6772,5.999
42,8am,47.6475,3.8819,2.0117,39.896,6.563
42,9am,44.3525,2.8276,3.1028,42.9768,6.7402
42,10am,48.0992,2.0357,2.4146,43.1488,4.3016
42,11am,47.3925,1.9187,2.2759,40.4473,7.9655
42,12am,50.2247,2.521,2.238,37.1835,7.8328
42,1pm,51.2451,1.4539,2.0713,37.5045,7.7252
42,2pm,50.4171,1.5041,2.1428,38.0527,7.8833
42,3pm,48.967,0.9217,1.0767,40.4401,8.5946
42,4pm,54.4308,0.9174,1.0716,36.0973,7.4828
42,5pm,52.603,2.0356,2.2657,35.7038,7.3919
42,6pm,54.5344,3.4462,1.7859,34.4072,5.8264
42,7pm,56.7665,5.3076,1.5639,31.934,4.4279
42,8pm,57.9101,4.2544,2.2524,30.6905,4.8927
42,9pm,58.098,4.177,2.2114,30.1327,5.3808
42,10pm,58.5481,4.2094,2.2285,29.5914,5.4225
42,11pm,57.3501,4.8995,2.2129,30.1531,5.3845
42,12pm,57.1946,4.9173,2.221,30.263,5.4041
42,1am,57.1946,4.9173,2.221,30.263,5.4041
42,2am,57.1946,4.9173,2.221,30.263,5.4041
42,3am,57.1946,4.9173,2.221,30.263,5.4041
43,4am,54.2486,5.4128,1.5131,37.3255,1.5
43,5am,53.9349,5.45,1.5235,37.5814,1.5102
43,6am,54.9124,5.3343,1.4911,36.7839,1.4782
43,7am,51.8755,4.8362,1.6237,40.0549,1.6096
43,8am,48.0192,0.8631,1.9174,47.2995,1.9008
43,9am,47.2202,0,2.0251,48.747,2.0076
43,10am,47.9554,0,2.2532,47.5577,2.2336
43,11am,49.4847,0,2.0762,46.381,2.0581
43,12am,49.7988,0,1.9322,46.3535,1.9155
43,1pm,46.584,0,1.8583,49.7155,1.8422
43,2pm,42.4322,0,2.1247,54.5052,0.9379
43,3pm,44.7785,2.2511,0.9773,49.8408,2.1523
43,4pm,44.2512,3.272,2.0003,48.4935,1.983
43,5pm,48.0803,3.2172,1.9668,44.7859,1.9498
43,6pm,49.3412,5.7092,1.7158,41.5328,1.7009
43,7pm,54.5537,5.1113,1.6081,37.1328,1.5941
43,8pm,53.0743,5.7159,1.5079,38.2072,1.4948
43,9pm,54.0885,5.5923,1.4753,37.3814,1.4625
43,10pm,55.3866,4.5281,1.5036,37.0911,1.4905
43,11pm,55.7883,3.6506,1.5214,37.5315,1.5082
43,12pm,56.224,4.4257,1.476,36.4111,1.4632
43,1am,56.224,4.4257,1.476,36.4111,1.4632
43,2am,56.224,4.4257,1.476,36.4111,1.4632
43,3am,56.224,4.4257,1.476,36.4111,1.4632
44,4am,59.5593,6.6653,7.7791,24.6203,1.3759
44,5am,60.5569,6.5009,7.5872,24.013,1.3419
44,6am,61.435,5.8791,7.5282,23.8262,1.3315
44,7am,60.4374,6.2641,7.6693,24.2728,1.3565
44,8am,59.3148,8.0895,7.7853,23.4333,1.377
44,9am,61.1548,9.4236,6.8482,20.9579,1.6155
44,10am,57.7877,9.0683,7.3056,23.8165,2.0219
44,11am,60.0288,9.1273,6.9897,21.4302,2.424
44,12am,58.4975,9.3893,6.3688,22.6055,3.1389
44,1pm,61.0945,8.8355,6.4231,21.5191,2.1279
44,2pm,60.6279,8.7584,7.1919,20.1784,3.2434
44,3pm,58.4886,8.1969,7.8337,22.991,2.4897
44,4pm,59.9786,7.8738,6.9061,23.3431,1.8984
44,5pm,57.9382,6.7447,7.0516,26.093,2.1725
44,6pm,59.799,4.6376,9.0514,25.0304,1.4816
44,7pm,58.0601,5.7217,8.1861,26.1459,1.8862
44,8pm,57.8076,6.2873,8.7512,25.3293,1.8246
44,9pm,58.6887,6.2813,8.36,24.9271,1.743
44,10pm,59.8644,6.8298,7.671,24.2781,1.3568
44,11pm,59.6334,6.8691,7.7151,24.4178,1.3646
44,12pm,59.5751,6.6627,7.7761,24.6107,1.3754
44,1am,59.5751,6.6627,7.7761,24.6107,1.3754
44,2am,59.5751,6.6627,7.7761,24.6107,1.3754
44,3am,59.2696,6.7131,7.8349,24.7967,1.3857
45,4am,60.8668,8.6666,4.1099,23.0938,3.2629
45,5am,60.2471,8.8038,4.175,23.4595,3.3145
45,6am,61.3652,8.5562,4.0576,22.7997,3.2213
45,7am,57.4789,8.7442,4.5565,25.603,3.6174
45,8am,57.4496,5.0761,4.8152,28.8363,3.8228
45,9am,56.5266,5.8076,4.4641,28.828,4.3737
45,10am,53.6483,5.2641,6.7825,29.7485,4.5566
45,11am,55.4669,4.2508,5.3163,30.1149,4.8511
45,12am,58.5081,4.2779,4.3354,27.9966,4.882
45,1pm,59.6553,4.9064,4.9597,25.953,4.5256
45,2pm,55.2284,5.7164,4.6407,30.2375,4.177
45,3pm,57.0178,7.4956,4.1548,26.6533,4.6786
45,4pm,54.8731,5.2797,3.3126,32.8261,3.7084
45,5pm,49.2592,5.8116,5.5107,35.1553,4.2633
45,6pm,53.4267,9.7739,6.0324,26.7467,4.0203
45,7pm,57.205,8.9607,3.2731,26.8754,3.6858
45,8pm,57.7154,10.0476,4.063,24.4666,3.7074
45,9pm,59.2687,8.5522,4.0557,24.4227,3.7007
45,10pm,57.8828,10.0078,4.0469,24.3698,3.6927
45,11pm,58.5768,8.4774,4.0202,25.734,3.1916
45,12pm,60.6934,8.5289,4.0446,23.5221,3.211
45,1am,60.6934,8.5289,4.0446,23.5221,3.211
45,2am,61.0039,8.4615,4.0127,23.3362,3.1857
45,3am,61.0039,8.4615,4.0127,23.3362,3.1857
46,4am,62.841,3.7116,2.8226,30.6247,0
46,5am,62.5838,3.7373,2.8422,30.8367,0
46,6am,61.7045,3.8251,2.909,31.5614,0
46,7am,60.204,3.975,3.0229,32.798,0
46,8am,51.4306,4.2735,3.8165,40.4794,0
46,9am,45.6127,4.1343,2.4199,47.8331,0
46,10am,48.1995,4.5961,2.6903,44.5142,0
46,11am,49.781,3.2554,2.7508,44.2129,0
46,12am,45.6111,4.4187,2.3351,47.6352,0
46,1pm,46.5179,4.3656,1.1534,47.9631,0
46,2pm,46.3395,3.0441,2.5722,48.0442,0
46,3pm,47.8408,1.7963,3.7398,46.6231,0
46,4pm,48.0499,1.9858,4.1344,45.8299,0
46,5pm,48.243,5.0418,3.2723,43.4428,0
46,6pm,49.7938,5.6162,2.9609,41.6292,0
46,7pm,58.8006,4.516,2.3809,34.3026,0
46,8pm,61.1652,5.3185,1.5589,31.9574,0
46,9pm,61.8515,4.7773,2.2398,31.1313,0
46,10pm,60.2511,4.7168,2.9236,32.1085,0
46,11pm,62.1133,4.4958,2.7866,30.6042,0
46,12pm,62.3489,3.8345,2.766,31.0506,0
46,1am,63.121,3.8626,2.7863,30.2301,0
46,2am,62.6954,4.5107,2.7675,30.0263,0
46,3am,62.6954,4.5107,2.7675,30.0263,0
47,4am,60.1095,5.2547,2.8784,28.5039,3.2535
47,5am,60.4284,5.2127,2.8554,28.276,3.2275
47,6am,59.8111,5.3103,2.7848,28.8058,3.288
47,7am,57.2423,5.6498,2.9628,30.647,3.4981
47,8am,49.9403,3.6304,2.7129,39.1166,4.5999
47,9am,48.4497,2.6647,1.2881,42.5892,5.0082
47,10am,47.0196,2.6343,1.2734,44.1215,4.9511
47,11am,48.1217,4.0194,1.2304,40.2456,6.3828
47,12am,54.6416,1.1241,2.6761,37.0206,4.5376
47,1pm,52.7262,1.1063,3.7823,37.9196,4.4657
47,2pm,50.4686,0,3.9629,40.8896,4.6789
47,3pm,51.9018,1.1256,4.0197,39.535,3.418
47,4pm,54.1789,1.1488,4.1028,38.2297,2.3398
47,5pm,56.4259,2.1592,2.5465,35.4646,3.4038
47,6pm,57.4693,5.0939,2.354,31.9363,3.1464
47,7pm,59.3257,5.5439,2.0559,28.7034,4.3712
47,8pm,60.5324,5.4889,2.0355,27.6153,4.3279
47,9pm,58.3194,5.8352,2.1639,30.2331,3.4484
47,10pm,58.8902,6.219,2.8226,27.9708,4.0974
47,11pm,59.3234,6.2772,2.849,27.4147,4.1358
47,12pm,60.1764,6.1456,2.7892,26.8398,4.049
47,1am,60.325,6.0049,2.7254,26.9884,3.9563
47,2am,60.325,6.0049,2.7254,26.9884,3.9563
47,3am,60.0199,6.051,2.7463,27.196,3.9868
48,4am,51.7578,6.7545,2.4203,34.0502,5.0171
48,5am,51.419,6.802,2.4373,34.2893,5.0524
48,6am,51.0125,6.8589,2.4577,34.5763,5.0947
48,7am,51.5849,6.7787,2.429,34.1722,5.0351
48,8am,48.272,8.2366,2.6586,36.059,4.7738
48,9am,48.7577,7.9948,2.6361,36.6375,3.9739
48,10am,48.0661,8.2237,2.7115,35.3165,5.6822
48,11am,50.8907,8.0054,2.6829,34.2128,4.2082
48,12am,50.9686,6.9441,2.5265,34.3236,5.2372
48,1pm,48.9279,6.487,2.7213,36.2227,5.6411
48,2pm,49.1468,7.0925,1.903,36.3163,5.5413
48,3pm,49.1817,6.3114,1.8891,37.117,5.5008
48,4pm,46.3045,6.9096,2.0682,39.5326,5.1852
48,5pm,50.1959,5.8449,1.9416,36.3639,5.6537
48,6pm,48.9189,7.4733,1.8903,36.884,4.8335
48,7pm,51.1873,7.9665,2.3756,33.5462,4.9244
48,8pm,48.5118,7.4791,2.4251,36.557,5.0271
48,9pm,52.9155,6.8936,2.2526,33.2688,4.6695
48,10pm,52.9825,6.8838,2.2494,33.2214,4.6629
48,11pm,51.5166,7.3445,2.4,33.764,4.975
48,12pm,51.3871,7.3641,2.4064,33.8541,4.9883
48,1am,51.3871,7.3641,2.4064,33.8541,4.9883
48,2am,51.3871,7.3641,2.4064,33.8541,4.9883
48,3am,51.3871,7.3641,2.4064,33.8541,4.9883
49,4am,46.0305,10.1006,2.3371,38.0945,3.4374
49,5am,46.2015,10.0686,2.3297,37.9738,3.4265
49,6am,46.599,9.9941,2.3125,37.6932,3.4012
49,7am,45.3618,8.9565,2.4337,39.6686,3.5794
49,8am,44.768,3.9602,2.5967,44.8558,3.8193
49,9am,44.2298,4.4609,1.8876,46.0891,3.3325
49,10am,42.9884,4.6276,1.9582,46.9687,3.4571
49,11am,43.7202,3.7683,1.9055,47.2421,3.364
49,12am,45.1563,4.3554,2.8559,43.4319,4.2005
49,1pm,46.4896,5.4754,2.6273,41.5436,3.8642
49,2pm,45.6847,6.0034,2.0433,42.0317,4.2368
49,3pm,48.7974,6.6538,2.8019,37.6257,4.1211
49,4pm,47.2985,6.4991,2.7368,39.4403,4.0253
49,5pm,47.4583,6.5876,2.6934,39.2993,3.9614
49,6pm,41.8554,7.5704,2.5016,44.3932,3.6794
49,7pm,43.5871,7.3435,2.4266,43.0737,3.5691
49,8pm,46.2822,8.3381,2.3661,39.5335,3.4801
49,9pm,46.6314,8.6723,2.2619,39.1075,3.3268
49,10pm,47.3512,8.7368,2.2787,38.2817,3.3516
49,11pm,47.5977,8.6959,2.2681,38.1024,3.3359
49,12pm,47.5925,8.7761,2.289,37.9758,3.3666
49,1am,47.5925,8.7761,2.289,37.9758,3.3666
49,2am,47.5925,8.7761,2.289,37.9758,3.3666
49,3am,47.5925,8.7761,2.289,37.9758,3.3666
50,4am,57.2019,5.2136,7.6438,22.7984,7.1422
50,5am,58.8672,5.0108,7.3464,21.9113,6.8643
50,6am,59.2534,4.9637,7.2774,21.7056,6.7999
50,7am,58.3251,5.0768,7.4432,22.2001,6.9548
50,8am,53.3637,14.7681,6.666,19.2742,5.9281
50,9am,56.1299,13.0698,5.4881,20.3796,4.9326
50,10am,55.859,12.8546,6.1221,19.8297,5.3345
50,11am,56.916,13.1145,6.9562,17.934,5.0793
50,12am,56.1784,13.3171,7.4298,17.7799,5.2949
50,1pm,54.4233,13.1801,7.7183,19.0371,5.6412
50,2pm,55.1668,13.0568,6.8337,19.4814,5.4613
50,3pm,55.6561,11.4732,7.4983,19.0635,6.3089
50,4pm,55.0146,11.3402,5.9753,21.459,6.2109
50,5pm,56.3554,10.7814,5.7249,21.2879,5.8503
50,6pm,59.1028,5.6379,6.4687,22.3002,6.4905
50,7pm,59.9611,4.6633,7.6492,21.1806,6.5458
50,8pm,60.4997,4.5897,7.5285,20.9397,6.4424
50,9pm,58.87,5.2258,7.6394,21.6147,6.6501
50,10pm,57.7582,5.8992,7.7326,21.8786,6.7313
50,11pm,57.8672,5.884,7.7127,21.8221,6.714
50,12pm,57.5816,5.9085,7.3384,22.308,6.8634
50,1am,57.5197,5.8978,7.464,22.2676,6.851
50,2am,57.7601,5.92,7.4921,21.951,6.8768
50,3am,57.7601,5.92,7.4921,21.951,6.8768
51,4am,63.8534,3.7673,8.4765,20.6084,3.2944
51,5am,64.1682,3.7345,8.4026,20.4289,3.2657
51,6am,63.9645,3.7558,8.4504,20.545,3.2843
51,7am,63.8356,3.0362,8.6725,21.085,3.3706
51,8am,61.4562,4.5163,8.9195,21.5555,3.5524
51,9am,62.2359,4.7904,9.4819,19.7238,3.768
51,10am,62.2337,3.4812,9.1683,21.0881,4.0286
51,11am,62.5436,1.7654,8.3051,23.294,4.0919
51,12am,61.7865,3.3602,8.8281,22.1366,3.8886
51,1pm,60.9668,3.368,8.8485,22.9191,3.8976
51,2pm,61.6477,3.6398,8.5106,22.1937,4.0082
51,3pm,59.8572,3.5477,8.2953,25.1634,3.1364
51,4pm,58.7743,5.0962,8.0209,25.0759,3.0327
51,5pm,58.7115,2.9606,8.8443,26.2298,3.2539
51,6pm,60.8991,2.7189,8.8488,23.6354,3.8978
51,7pm,59.3012,4.2883,8.6313,23.9773,3.8019
51,8pm,60.822,3.701,8.625,23.0529,3.7992
51,9pm,63.2544,3.737,8.1899,21.3072,3.5115
51,10pm,64.1432,3.6466,7.9918,20.7918,3.4265
51,11pm,62.402,3.6734,8.881,21.592,3.4517
51,12pm,63.2576,3.3133,8.7513,21.2766,3.4012
51,1am,63.4905,3.2923,8.6958,21.1417,3.3797
51,2am,63.399,3.3006,8.7176,21.1947,3.3881
51,3am,63.399,3.3006,8.7176,21.1947,3.3881
52,4am,51.1863,6.4236,5.2877,32.8732,4.2292
52,5am,51.1863,6.4236,5.2877,32.8732,4.2292
52,6am,51.1929,6.4228,5.287,32.8688,4.2286
52,7am,49.5831,6.7132,5.5261,33.7578,4.4198
52,8am,45.8466,7.7532,5.867,35.8407,4.6925
52,9am,45.5182,7.1322,6.0298,36.1832,5.1366
52,10am,45.6463,7.9526,6.0823,35.4542,4.8647
52,11am,43.6524,8.0229,5.098,38.3189,4.9078
52,12am,46.7226,7.7687,4.9365,36.4623,4.1099
52,1pm,47.127,7.1962,5.3948,36.0189,4.2631
52,2pm,47.5521,7.974,5.7653,34.4861,4.2224
52,3pm,49.0451,7.9568,5.4326,33.3522,4.2133
52,4pm,48.5177,7.3293,5.2741,34.6375,4.2414
52,5pm,46.9994,6.5772,6.1433,36.0307,4.2494
52,6pm,50.559,6.7895,4.8271,33.1409,4.6836
52,7pm,51.598,6.3658,4.5259,33.119,4.3913
52,8pm,51.0551,6.3297,4.5002,33.7486,4.3664
52,9pm,51.9099,6.2191,4.4216,33.1592,4.2901
52,10pm,52.08,6.1971,4.406,33.0419,4.275
52,11pm,51.9143,6.2445,4.6324,32.9011,4.3077
52,12pm,51.6314,6.7799,4.5413,32.8245,4.2229
52,1am,51.6314,6.7799,4.5413,32.8245,4.2229
52,2am,51.6314,6.7799,4.5413,32.8245,4.2229
52,3am,51.6314,6.7799,4.5413,32.8245,4.2229
53,4am,57.1865,9.4682,0.9604,27.3427,5.0422
53,5am,56.3021,9.6638,0.9802,27.9075,5.1463
53,6am,54.4775,10.0673,1.0211,29.0728,5.3612
53,7am,53.8744,8.2637,1.0905,31.0463,5.7251
53,8am,55.3086,4.9326,1.1451,32.6018,6.012
53,9am,57.5991,5.9092,1.5315,30.2128,4.7474
53,10am,58.9624,6.1412,0.8846,29.9847,4.0271
53,11am,59.6355,6.1656,0.8881,28.1461,5.1647
53,12am,58.7422,4.9354,0.913,29.1646,6.2448
53,1pm,57.8606,4.7973,0.8874,30.3846,6.0701
53,2pm,56.8052,4.7285,0.8747,31.1311,6.4604
53,3pm,54.6976,5.1766,1.3719,32.1984,6.5555
53,4pm,56.6259,5.8198,1.5504,29.6395,6.3644
53,5pm,56.3661,5.5485,1.9982,29.793,6.2941
53,6pm,54.7659,7.2627,1.5857,30.0501,6.3357
53,7pm,54.0618,8.9898,1.5199,29.3559,6.0726
53,8pm,53.7513,8.8502,1.4707,30.0516,5.8762
53,9pm,54.3997,9.1683,1.4537,29.1701,5.8082
53,10pm,55.6809,8.9107,1.4129,28.3505,5.645
53,11pm,56.0563,9.0047,1.0063,28.6496,5.2832
53,12pm,56.5645,8.9005,0.9946,28.3183,5.2221
53,1am,57.0865,9.4904,0.9626,27.4066,5.0539
53,2am,57.0865,9.4904,0.9626,27.4066,5.0539
53,3am,57.0865,9.4904,0.9626,27.4066,5.0539
54,4am,53.0082,8.9767,4.7336,28.2347,5.0468
54,5am,52.0913,9.1519,4.8259,28.7856,5.1453
54,6am,50.8435,9.3902,4.9516,29.5353,5.2793
54,7am,48.1641,8.1403,4.8493,32.9556,5.8907
54,8am,43.8548,3.7191,6.3416,39.2287,6.8558
54,9am,43.247,3.4941,7.0866,36.8929,9.2794
54,10am,46.813,3.4562,4.2992,35.9967,9.4349
54,11am,49.2975,3.0613,5.7454,34.6834,7.2124
54,12am,46.1539,3.2999,5.7659,37.7761,7.0042
54,1pm,48.6647,4.6405,4.2566,36.1305,6.3078
54,2pm,46.7041,1.9837,7.7031,37.3231,6.2861
54,3pm,49.8009,2.0758,3.4685,39.1699,5.4849
54,4pm,51.1721,2.7519,5.737,34.3252,6.0138
54,5pm,52.8035,4.3759,4.6762,32.1417,6.0027
54,6pm,53.1772,5.2425,4.2976,33.0061,4.2765
54,7pm,53.1556,8.1185,2.9961,31.7019,4.028
54,8pm,54.1016,9.403,3.6646,28.936,3.8948
54,9pm,54.3439,7.9438,3.7171,29.3507,4.6445
54,10pm,54.5542,8.4692,3.6446,28.7781,4.5539
54,11pm,53.9772,8.3596,4.1798,28.4059,5.0774
54,12pm,53.7792,8.2907,4.723,28.1716,5.0356
54,1am,53.321,8.3728,4.7698,28.4508,5.0855
54,2am,53.6329,8.3169,4.7379,28.2607,5.0515
54,3am,53.6329,8.3169,4.7379,28.2607,5.0515
55,4am,48.9269,6.6456,3.6375,35.007,5.783
55,5am,48.2826,6.7294,3.6834,35.4486,5.856
55,6am,47.1685,6.8744,3.7628,36.2122,5.9821
55,7am,44.9935,6.6421,3.3347,38.6456,6.3841
55,8am,44.2934,3.0494,3.7503,41.7272,7.1797
55,9am,43.9515,4.6825,3.8085,41.0593,6.4982
55,10am,47.2844,5.1204,4.3529,36.9225,6.3198
55,11am,48.7613,4.4894,4.3958,35.9714,6.3821
55,12am,46.6887,4.3886,4.2971,37.2938,7.3318
55,1pm,45.3046,6.4415,4.0888,36.3374,7.8277
55,2pm,45.8114,6.0364,3.854,36.6276,7.6707
55,3pm,48.1225,6.1267,3.9116,34.0537,7.7854
55,4pm,49.0962,5.8711,3.7485,33.8235,7.4607
55,5pm,51.0317,4.9849,3.693,32.9402,7.3503
55,6pm,49.9268,7.1576,3.3094,33.0194,6.5868
55,7pm,50.5226,7.0959,3.4109,32.4406,6.53
55,8pm,49.8833,6.7368,3.2384,33.9419,6.1996
55,9pm,50.5399,6.4483,3.7326,33.3452,5.9341
55,10pm,48.9493,6.3262,3.6619,35.241,5.8217
55,11pm,49.7943,6.2214,3.6013,34.6577,5.7253
55,12pm,49.6326,6.2415,3.6129,34.7693,5.7437
55,1am,49.6326,6.2415,3.6129,34.7693,5.7437
55,2am,49.6326,6.2415,3.6129,34.7693,5.7437
55,3am,49.6326,6.2415,3.6129,34.7693,5.7437
56,4am,47.9462,9.5631,3.0728,36.2181,3.1997
56,5am,50.7481,9.0484,2.9074,34.2686,3.0275
56,6am,50.1985,9.1494,2.9399,34.651,3.0613
56,7am,48.2576,9.5059,3.0544,36.0014,3.1806
56,8am,40.7303,20.5471,3.7971,31.873,3.0526
56,9am,46.0705,19.5145,5.1993,26.6714,2.5444
56,10am,44.343,19.6694,5.0885,28.2326,2.6666
56,11am,47.2882,18.7121,4.1493,27.2678,2.5825
56,12am,47.117,19.8235,3.6909,26.7631,2.6055
56,1pm,44.8856,19.0528,3.7397,29.5453,2.7765
56,2pm,42.3385,19.4555,6.2494,28.2445,3.7122
56,3pm,42.5444,17.1751,4.8108,31.2493,4.2204
56,4pm,43.4802,13.0268,5.995,33.9478,3.5502
56,5pm,47.6315,9.181,5.3706,36.0903,1.7266
56,6pm,50.688,7.3808,3.9742,35.2617,2.6953
56,7pm,48.9249,8.9358,4.3402,34.8556,2.9435
56,8pm,47.3182,9.7297,4.4849,35.4759,2.9911
56,9pm,49.8281,8.6935,4.4512,34.0585,2.9686
56,10pm,49.7176,8.8604,4.4451,34.0123,2.9646
56,11pm,47.746,9.3363,4.6839,35.1101,3.1238
56,12pm,48.1665,9.2611,4.6462,34.8275,3.0987
56,1am,47.1332,9.401,4.7163,35.604,3.1455
56,2am,47.1332,9.401,4.7163,35.604,3.1455
56,3am,47.1332,9.401,4.7163,35.604,3.1455
57,4am,47.8189,8.5896,6.6116,30.1243,6.8557
57,5am,47.2207,8.6881,6.6874,30.4696,6.9343
57,6am,47.1887,8.6933,6.6914,30.4881,6.9385
57,7am,45.1739,7.6937,7.1486,32.5712,7.4125
57,8am,44.2794,9.6697,5.957,32.7575,7.3364
57,9am,46.5238,9.1208,5.6189,31.8165,6.92
57,10am,45.9578,7.6065,5.7427,33.6203,7.0726
57,11am,45.7111,7.7364,7.5041,31.8551,7.1933
57,12am,43.7089,8.3972,7.3198,33.5577,7.0165
57,1pm,46.4103,6.9382,7.3853,33.0311,6.2351
57,2pm,47.3456,7.3877,5.7185,33.7016,5.8466
57,3pm,47.3074,8.264,7.828,30.7859,5.8148
57,4pm,49.3067,7.4934,6.3039,30.0591,6.8368
57,5pm,45.9959,5.4921,6.3653,34.307,7.8396
57,6pm,47.2775,6.0724,6.9948,32.1449,7.5103
57,7pm,48.8668,7.1226,6.8009,30.1577,7.052
57,8pm,49.3504,7.6344,6.7382,29.29,6.987
57,9pm,48.2372,6.8717,6.8087,31.0224,7.0601
57,10pm,48.3542,6.8561,6.7933,30.9523,7.0441
57,11pm,48.7569,6.8027,6.7403,30.7109,6.9892
57,12pm,49.5107,7.4039,6.5348,29.7745,6.7761
57,1am,49.4794,7.4085,6.5388,29.7929,6.7803
57,2am,49.761,7.3672,6.5024,29.6269,6.7425
57,3am,49.761,7.3672,6.5024,29.6269,6.7425
58,4am,56.9591,8.1559,2.3157,28.0141,4.5552
58,5am,57.4338,8.0659,2.2901,27.7052,4.505
58,6am,56.7722,8.177,2.3969,28.0868,4.5671
58,7am,53.5799,8.7809,2.5739,30.161,4.9043
58,8am,50.4345,4.0537,2.2785,37.3973,5.8361
58,9am,51.4385,2.9711,2.4853,37.1089,5.9962
58,10am,50.8635,2.9898,3.2881,36.8855,5.9731
58,11am,47.4943,1.9968,2.6712,41.8486,5.9891
58,12am,46.6525,2.8092,2.4339,42.0128,6.0916
58,1pm,49.7965,3.6433,2.4136,38.4722,5.6744
58,2pm,48.2649,2.9262,1.5562,41.8341,5.4186
58,3pm,50.8318,3.7993,1.405,39.98,3.9839
58,4pm,47.5575,6.7278,1.2727,38.5614,5.8805
58,5pm,51.4599,5.8904,1.335,34.2302,7.0845
58,6pm,50.5831,7.1939,2.1009,35.2756,4.8464
58,7pm,55.141,8.6475,1.1231,30.2147,4.8737
58,8pm,54.3389,9.0215,1.0596,30.8795,4.7006
58,9pm,53.7186,10.1746,1.5194,30.012,4.5755
58,10pm,54.153,10.5724,1.4543,29.4408,4.3795
58,11pm,54.5989,10.1687,1.4477,29.3072,4.4774
58,12pm,54.4574,10.2004,1.4522,29.3985,4.4914
58,1am,55.0697,10.1387,1.4434,28.8027,4.5456
58,2am,55.4608,9.575,1.4506,28.9455,4.5681
58,3am,55.4379,10.0556,1.4316,28.5666,4.5083
59,4am,51.4042,6.6759,5.5466,31.5785,4.7948
59,5am,51.1458,6.7114,5.5761,31.7464,4.8203
59,6am,51.2338,6.0264,5.6551,32.1961,4.8886
59,7am,48.6304,4.9848,6.1374,34.9419,5.3055
59,8am,48.2451,4.6608,6.2313,35.4762,5.3867
59,9am,47.5037,4.8893,7.0142,35.8437,4.7491
59,10am,47.7048,4.1181,5.8196,35.9535,6.4041
59,11am,46.0271,4.2691,5.7931,37.2719,6.6389
59,12am,44.0347,4.1908,5.6869,39.5703,6.5172
59,1pm,41.601,4.903,6.6743,40.2446,6.5771
59,2pm,42.9277,4.7451,6.4594,39.5026,6.3653
59,3pm,41.0484,4.7602,6.3563,42.8624,4.9727
59,4pm,43.2523,5.5996,6.1575,40.0955,4.895
59,5pm,43.6511,6.3993,6.1517,37.7357,6.0621
59,6pm,45.8476,7.0141,6.5963,34.6831,5.8589
59,7pm,49.1877,6.57,6.2873,33.7672,4.1878
59,8pm,50.7748,5.6607,6.9961,31.8996,4.6688
59,9pm,51.7234,5.5794,6.0293,32.2875,4.3804
59,10pm,52.4157,5.4063,5.8422,31.2855,5.0504
59,11pm,51.4406,6.9387,5.765,30.8721,4.9836
59,12pm,51.422,6.7604,5.6169,31.3452,4.8556
59,1am,51.4042,6.6759,5.5466,31.5785,4.7948
59,2am,51.4042,6.6759,5.5466,31.5785,4.7948
59,3am,51.4042,6.6759,5.5466,31.5785,4.7948
60,4am,53.3396,6.2854,4.3036,33.5575,2.5139
60,5am,52.6545,6.3777,4.3668,34.0502,2.5508
60,6am,52.1588,6.5541,3.6738,34.992,2.6214
60,7am,49.8738,5.7935,4.7254,36.847,2.7603
60,8am,46.8162,2.3566,5.4177,42.2448,3.1647
60,9am,49.5804,2.2676,4.168,41.0828,2.9012
60,10am,48.5117,2.2217,5.1074,41.1758,2.9834
60,11am,49.4775,3.172,5.1907,40.0343,2.1254
60,12am,47.8496,3.1238,5.1118,40.9288,2.986
60,1pm,46.6369,4.2982,5.0915,40.9992,2.9742
60,2pm,46.9178,4.5611,5.2428,40.2158,3.0625
60,3pm,52.023,4.7014,3.444,36.675,3.1567
60,4pm,45.2135,6.032,5.704,38.999,4.0515
60,5pm,49.4203,4.2678,5.1624,37.3785,3.771
60,6pm,53.5783,5.4843,4.292,34.1889,2.4565
60,7pm,53.8088,5.4425,4.4391,33.8391,2.4705
60,8pm,53.7883,5.3031,4.3255,33.3583,3.2248
60,9pm,55.1432,4.503,4.3105,32.8297,3.2137
60,10pm,55.4072,6.018,4.1205,31.3823,3.072
60,11pm,54.1137,6.0905,4.1701,32.5167,3.109
60,12pm,53.8898,6.1202,4.1905,32.6754,3.1242
60,1am,53.8898,6.1202,4.1905,32.6754,3.1242
60,2am,54.0255,6.193,4.2403,33.0642,2.4769
60,3am,54.0255,6.193,4.2403,33.0642,2.4769
61,4am,56.373,6.1611,5.5782,28.3474,3.5403
61,5am,56.0439,6.2076,5.6203,28.5612,3.567
61,6am,54.7822,6.3858,5.7816,29.3811,3.6694
61,7am,52.4406,5.2841,6.2942,31.9863,3.9948
61,8am,48.8088,4.0195,7.0233,35.691,4.4574
61,9am,49.3466,3.0391,7.2401,35.7791,4.5951
61,10am,51.1298,3.1543,7.5146,34.2935,3.9078
61,11am,52.0632,3.2531,7.7501,33.1973,3.7364
61,12am,53.1655,3.2448,7.7303,33.0187,2.8407
61,1pm,48.4847,4.0857,7.1389,36.5784,3.7124
61,2pm,48.6371,3.023,7.202,38.4913,2.6465
61,3pm,53.7745,2.2326,6.201,35.103,2.6889
61,4pm,52.9464,3.3042,7.2196,32.7753,3.7544
61,5pm,55.1158,3.1993,5.9239,32.3909,3.3701
61,6pm,54.7618,4.0043,5.5608,31.5084,4.1646
61,7pm,53.0158,5.2252,6.2174,31.5956,3.946
61,8pm,55.8435,5.4972,5.7559,29.2503,3.6531
61,9pm,55.9383,6.2225,5.6338,28.6299,3.5756
61,10pm,55.7,6.2562,5.6642,28.7847,3.5949
61,11pm,55.9803,6.2166,5.6284,28.6025,3.5722
61,12pm,55.9803,6.2166,5.6284,28.6025,3.5722
61,1am,56.2571,6.1775,5.593,28.4227,3.5497
61,2am,56.2571,6.1775,5.593,28.4227,3.5497
61,3am,56.5548,6.1354,5.5549,28.2293,3.5256
62,4am,49.1896,5.1392,7.5717,32.3849,5.7146
62,5am,49.9584,5.0614,7.4571,31.895,5.6281
62,6am,50.2129,5.3537,7.3665,31.5073,5.5597
62,7am,51.2883,4.6808,7.2997,31.2218,5.5094
62,8am,46.9634,11.3957,6.4687,29.8182,5.354
62,9am,48.5207,11.8761,7.8439,26.7357,5.0236
62,10am,50.0183,11.8849,6.9025,26.6077,4.5866
62,11am,48.3291,12.3284,7.0022,26.5968,5.7435
62,12am,49.9432,11.4941,6.2174,27.5335,4.8118
62,1pm,49.5718,10.0598,6.7243,28.7162,4.9278
62,2pm,48.4828,12.0263,6.4702,28.013,5.0076
62,3pm,48.8161,11.1114,7.7914,27.2554,5.0258
62,4pm,49.4531,10.3877,6.7874,28.513,4.8587
62,5pm,48.2703,10.5309,6.6286,29.4991,5.0711
62,6pm,50.2253,6.6486,7.3134,30.0766,5.7361
62,7pm,51.4179,5.9728,7.2848,30.199,5.1256
62,8pm,49.9193,5.3904,7.5244,32.1155,5.0505
62,9pm,48.8759,5.5464,7.9701,32.7277,4.88
62,10pm,48.7438,5.7234,7.9783,32.6815,4.8731
62,11pm,48.6621,5.7325,7.991,32.7336,4.8809
62,12pm,48.6507,5.7084,7.9574,32.8231,4.8604
62,1am,48.4953,5.3023,7.6104,33.4132,5.1788
62,2am,48.9747,5.0031,7.4648,32.7741,5.7833
62,3am,48.7817,5.1804,7.6324,32.6449,5.7605
63,4am,57.3263,7.8972,6.9098,24.461,3.4058
63,5am,56.0573,8.132,7.1153,25.1884,3.5071
63,6am,53.6427,8.5789,7.5063,26.5724,3.6998
63,7am,49.8182,9.3338,8.1668,28.9109,3.7702
63,8am,49.1493,5.6223,9.214,31.7608,4.2536
63,9am,49.9633,3.6769,8.3942,33.9011,4.0645
63,10am,48.8126,4.1598,9.4967,33.9265,3.6045
63,11am,51.0277,3.831,8.746,33.0758,3.3196
63,12am,49.8675,3.7223,9.5604,32.1376,4.7122
63,1pm,49.0856,5.0817,9.0929,32.258,4.4818
63,2pm,49.4233,4.8343,9.075,32.1944,4.473
63,3pm,50.8679,5.3653,6.8962,31.9063,4.9643
63,4pm,52.658,5.9193,5.2734,31.6178,4.5316
63,5pm,49.2898,7.0785,5.6365,33.3739,4.6213
63,6pm,54.6005,6.5274,6.4992,29.0315,3.3415
63,7pm,54.9928,7.4072,5.8684,27.0779,4.6536
63,8pm,55.8766,8.1478,5.5114,26.0937,4.3705
63,9pm,55.3554,9.0765,5.7214,26.1989,3.6478
63,10pm,56.1204,8.9279,5.5939,25.7698,3.588
63,11pm,57.1221,8.5597,6.1712,24.707,3.44
63,12pm,58.1369,8.3571,6.0252,24.1222,3.3586
63,1am,57.9195,8.2451,6.7228,23.799,3.3136
63,2am,57.9195,8.2451,6.7228,23.799,3.3136
63,3am,57.9195,8.2451,6.7228,23.799,3.3136
64,4am,57.8582,7.7418,6.0836,24.9244,3.392
64,5am,57.1475,7.8724,6.1862,25.3447,3.4492
64,6am,55.3831,8.1965,6.4409,26.3882,3.5912
64,7am,54.5649,7.832,6.6501,27.2452,3.7079
64,8am,50.8363,5.2724,7.5426,32.1433,4.2055
64,9am,51.1104,3.9292,6.4357,34.9664,3.5583
64,10am,52.4276,3.9227,6.7089,33.0582,3.8826
64,11am,50.9874,3.2924,6.9148,35.144,3.6614
64,12am,51.3702,4.1592,7.2902,33.8073,3.3731
64,1pm,51.6798,5.5343,6.3609,32.3733,4.0516
64,2pm,55.1616,3.6914,5.3635,31.7622,4.0213
64,3pm,54.3229,4.1297,3.9178,33.1308,4.4988
64,4pm,48.9322,5.69,7.6898,34.1567,3.5313
64,5pm,51.1617,6.4238,8.4238,30.454,3.5367
64,6pm,55.2242,6.8941,6.6819,28.3489,2.8509
64,7pm,57.6024,5.6745,6.1786,27.9084,2.6362
64,8pm,58.998,5.8764,6.5675,26.2131,2.345
64,9pm,58.793,6.2707,6.714,25.9599,2.2624
64,10pm,57.8443,6.8306,6.6739,25.8048,2.8465
64,11pm,58.1229,6.7855,6.6298,25.6342,2.8276
64,12pm,57.9241,7.1985,6.4675,25.0068,3.4032
64,1am,58.1936,7.1523,6.4261,24.8465,3.3814
64,2am,58.1936,7.1523,6.4261,24.8465,3.3814
64,3am,58.4047,7.1783,6.0866,24.9367,3.3937
65,4am,49.4258,7.8528,5.6008,35.2078,1.9127
65,5am,48.3998,8.0122,5.7145,35.9221,1.9515
65,6am,49.8251,6.5361,5.7211,35.9639,1.9538
65,7am,44.6057,7.9188,6.2241,39.1258,2.1256
65,8am,44.1321,2.2831,7.025,44.1606,2.3991
65,9am,41.4375,2.5096,6.7195,46.5052,2.8281
65,10am,40.7084,1.9121,7.3167,46.9832,3.0795
65,11am,40.9327,1.8724,8.8882,45.4948,2.8118
65,12am,41.5304,1.8535,8.7983,45.0344,2.7834
65,1pm,42.7956,1.7442,9.2749,43.5661,2.6192
65,2pm,44.9779,1.6219,8.6251,42.3394,2.4357
65,3pm,45.2661,1.5994,8.5053,42.2274,2.4018
65,4pm,49.6057,1.5945,6.1015,40.3037,2.3945
65,5pm,48.1628,3.11,6.6686,39.7813,2.2774
65,6pm,51.0893,3.4896,7.1018,36.2063,2.1131
65,7pm,49.918,7.0745,6.2244,34.9311,1.852
65,8pm,49.7235,7.6749,5.4739,35.2583,1.8694
65,9pm,50.0375,7.627,5.4397,35.0381,1.8577
65,10pm,49.6672,7.6835,5.4801,35.2978,1.8715
65,11pm,50.3013,7.5867,5.411,34.8531,1.8479
65,12pm,50.3013,7.5867,5.411,34.8531,1.8479
65,1am,50.3013,7.5867,5.411,34.8531,1.8479
65,2am,50.1121,7.9344,5.3907,34.722,1.8409
65,3am,50.3013,7.5867,5.411,34.8531,1.8479
66,4am,49.5925,4.5575,5.2192,35.9242,4.7066
66,5am,48.1369,4.6891,5.3699,36.9616,4.8425
66,6am,44.1221,5.052,5.7856,39.8228,5.2174
66,7am,43.6837,3.8016,5.9779,41.1461,5.3908
66,8am,46.1265,1.4835,5.3282,41.6103,5.4516
66,9am,44.6689,1.6015,4.7242,43.8941,5.1112
66,10am,42.4272,1.6434,4.8478,45.0422,6.0394
66,11am,41.8358,1.6888,3.9842,46.2852,6.2061
66,12am,41.6476,2.3762,3.9007,45.9994,6.0761
66,1pm,43.262,1.5782,5.6811,43.3977,6.081
66,2pm,40.439,2.4699,5.9003,44.8753,6.3156
66,3pm,42.8352,2.3113,5.5213,43.4222,5.91
66,4pm,45.0466,3.5421,5.0783,40.0916,6.2415
66,5pm,47.6834,4.7258,4.9822,37.2758,5.3328
66,6pm,45.7414,3.6369,5.1152,40.0313,5.4753
66,7pm,45.3544,4.2206,5.74,39.5087,5.1762
66,8pm,45.4549,4.2128,5.7295,39.4361,5.1667
66,9pm,47.099,3.3768,5.6375,38.8029,5.0838
66,10pm,45.8468,3.3912,6.6883,38.9683,5.1054
66,11pm,49.2177,3.8238,5.3454,36.7926,4.8204
66,12pm,49.0675,3.8351,5.3612,36.9015,4.8347
66,1am,49.0675,3.8351,5.3612,36.9015,4.8347
66,2am,49.0675,3.8351,5.3612,36.9015,4.8347
66,3am,49.0675,3.8351,5.3612,36.9015,4.8347
67,4am,66.9343,3.6845,1.5584,24.594,3.2288
67,5am,66.5023,3.7326,1.5788,24.9154,3.2709
67,6am,64.7211,3.9311,1.6627,26.2402,3.4449
67,7am,63.7106,2.2467,1.8057,28.496,3.741
67,8am,60.8621,1.1391,2.2783,31.0004,4.7201
67,9am,58.1761,1.2173,2.4346,33.1279,5.0441
67,10am,56.7392,1.2968,2.5936,33.997,5.3734
67,11am,56.404,1.3212,2.6424,35.3708,4.2615
67,12am,55.8648,1.1948,3.0018,34.9881,4.9506
67,1pm,56.1466,1.9151,2.7472,33.175,6.0161
67,2pm,56.4821,2.8548,1.7351,32.616,6.3119
67,3pm,58.7746,1.817,3.0668,31.2839,5.0578
67,4pm,60.9142,1.7901,3.051,31.3223,2.9225
67,5pm,63.1631,2.5124,3.0449,26.1972,5.0824
67,6pm,61.1406,4.5722,3.704,26.5765,4.0067
67,7pm,65.1927,3.5131,1.7332,25.9007,3.6603
67,8pm,66.4794,3.315,1.2084,25.5434,3.4539
67,9pm,64.9729,3.9466,2.0447,25.5774,3.4585
67,10pm,65.7677,3.9512,1.2114,25.6072,3.4625
67,11pm,67.1888,3.737,1.5806,24.2189,3.2748
67,12pm,66.5777,3.6387,1.5391,25.056,3.1886
67,1am,66.5777,3.6387,1.5391,25.056,3.1886
67,2am,66.5777,3.6387,1.5391,25.056,3.1886
67,3am,66.5777,3.6387,1.5391,25.056,3.1886
68,4am,53.0254,2.1881,2.1472,33.9089,8.7304
68,5am,52.7106,2.2027,2.1616,34.1361,8.7889
68,6am,52.6763,2.2043,2.1632,34.1609,8.7953
68,7am,47.8475,2.4292,2.3839,37.6466,9.6927
68,8am,42.8368,2.0121,2.6442,41.7561,10.7508
68,9am,40.7767,2.3184,3.28,41.6597,11.9653
68,10am,39.8081,2.2482,3.1807,43.1598,11.6032
68,11am,40.6554,2.3299,3.2963,43.8331,9.8852
68,12am,41.5225,2.2644,2.1203,43.716,10.3768
68,1pm,41.1917,2.8832,2.0069,43.1121,10.8061
68,2pm,43.2239,3.0092,1.7937,41.7224,10.2509
68,3pm,44.1074,3.023,1.8019,41.5458,9.522
68,4pm,49.9205,3.0391,1.8115,36.6936,8.5353
68,5pm,50.726,2.7585,1.7505,35.5147,9.2503
68,6pm,55.0785,2.4903,1.5803,31.1189,9.732
68,7pm,52.2888,2.3377,2.2276,34.6677,8.4781
68,8pm,52.668,2.297,2.1888,35.3857,7.4605
68,9pm,50.642,2.204,2.9346,35.4252,8.7941
68,10pm,52.9327,1.36,2.8446,34.3384,8.5243
68,11pm,54.1191,1.3839,2.1334,33.6897,8.674
68,12pm,54.1191,1.3839,2.1334,33.6897,8.674
68,1am,53.6949,2.1569,2.1166,33.4256,8.606
68,2am,54.07,2.1394,2.0995,33.1549,8.5363
68,3am,54.07,2.1394,2.0995,33.1549,8.5363
